url;name;ratings;people;kategori;alamat;jam-layanan;foto;contact
https://www.google.com/maps/place/OPTIK+SEHATI+BARU+DRAMAGA/data=!4m7!3m6!1s0x2e69c54920d56f2b:0xa44e91e74104bc9c!8m2!3d-6.5634644!4d106.7331674!16s%2Fg%2F11rgrs283n!19sChIJK2_VIEnFaS4RnLwEQeeRTqQ?authuser=0&hl=id&rclk=1;OPTIK SEHATI BARU DRAMAGA;2,0;(2);Toko Optik;Jl. Raya Dramaga No.37;Buka 24 jam;https://lh5.googleusercontent.com/p/AF1QipOUs6-oDYGJMBJxG2F3WSxuXxjRbVSAyBgpoIUr=w122-h92-k-no;
https://www.google.com/maps/place/Optik+Siloam/data=!4m7!3m6!1s0x2e69c58c758c0687:0x20a01be8ced2e4c2!8m2!3d-6.5922107!4d106.8048156!16s%2Fg%2F11fjx7mldv!19sChIJhwaMdYzFaS4RwuTSzugboCA?authuser=0&hl=id&rclk=1;Optik Siloam;4,4;(5);Toko Optik;Botani square, Jl. Raya Pajajaran, RT.03/RW.01;Buka 24 jam;https://lh5.googleusercontent.com/p/AF1QipMSgNubemI-ZhxUmqZoz_mZ8s0kBO2pr9xBS7yg=w163-h92-k-no;(0251) 8400826
https://www.google.com/maps/place/Optik+Diana/data=!4m7!3m6!1s0x2e69c5b1682b6197:0x6b1364f84ad958f4!8m2!3d-6.593176!4d106.7867825!16s%2Fg%2F11b6dp_yvz!19sChIJl2EraLHFaS4R9FjZSvhkE2s?authuser=0&hl=id&rclk=1;Optik Diana;5,0;(7);Toko Optik;Gd Pusat Grosir Bogor, Blok DSS, Jalan Perintis Kemerdekaan No.10, Kebon Kelapa, Bogor Tengah, RT.05/RW.03;Buka;https://lh5.googleusercontent.com/p/AF1QipMEsk7i_rAfo8t_0141lajOjzjLXHMRS0v2Gq2B=w122-h92-k-no;0812-8334-4944
https://www.google.com/maps/place/CV.+Bogor+Optikal/data=!4m7!3m6!1s0x2e69c5b595ece2d3:0xb348f4f39516e83f!8m2!3d-6.5912194!4d106.7928411!16s%2Fg%2F11h18dgj6!19sChIJ0-LslbXFaS4RP-gWlfP0SLM?authuser=0&hl=id&rclk=1;CV. Bogor Optikal;4,9;(8);Toko Optik;Jl. Dewi Sartika No.44, RT.04/RW.06;Buka;https://lh5.googleusercontent.com/p/AF1QipOGZ3f1Q-t3ba-tzkz6ypJnKAVLkQ5XjqpAEVpj=w163-h92-k-no;(0251) 8324177
https://www.google.com/maps/place/Optik+Sehati/data=!4m7!3m6!1s0x2e69c5ecc7646aff:0xd182880bef1ade16!8m2!3d-6.5928159!4d106.79216!16s%2Fg%2F11pr23cyw8!19sChIJ_2pkx-zFaS4RFt4a7wuIgtE?authuser=0&hl=id&rclk=1;Optik Sehati;;;Toko Optik;CQ4R+VVF, RT.04/RW.06;Buka;https://lh5.googleusercontent.com/p/AF1QipMQBQG3MSbjx0cEACB7nnsRt8Brg7AGHutSos42=w80-h142-k-no;
https://www.google.com/maps/place/Optik+Union/data=!4m7!3m6!1s0x2e69c506cccc2d5f:0x85bff1053e5df7c5!8m2!3d-6.5739107!4d106.7605299!16s%2Fg%2F11pcrnlrbt!19sChIJXy3MzAbFaS4RxfddPgXxv4U?authuser=0&hl=id&rclk=1;Optik Union;5,0;(4);Toko Optik;Jl. Sindang Barang Pilar 1 No.104, RT.03/RW.06;;https://lh5.googleusercontent.com/p/AF1QipMx2epO4G2jtfWWXHPwvVQ1DKJ-V1xsOdHTGWtK=w80-h173-k-no;
https://www.google.com/maps/place/Optik+Sejati/data=!4m7!3m6!1s0x2e69c49a2334001f:0xb0651b077159324e!8m2!3d-6.556316!4d106.7536238!16s%2Fg%2F11t28d4p2n!19sChIJHwA0I5rEaS4RTjJZcQcbZbA?authuser=0&hl=id&rclk=1;Optik Sejati;5,0;(1);Toko Optik;Jl. Sbjcifor No.14, RT.01/RW.04;;https://lh5.googleusercontent.com/p/AF1QipM-39efbRrUf_LzYN78VcfyX59nStJAZPNJF61V=w199-h92-k-no;
https://www.google.com/maps/place/Toko+Kacamata+Grand+Optik/data=!4m7!3m6!1s0x2e69c5b5a5474d7d:0x8af22e059765d164!8m2!3d-6.5904974!4d106.7921177!16s%2Fg%2F11c2l0c1g2!19sChIJfU1HpbXFaS4RZNFllwUu8oo?authuser=0&hl=id&rclk=1;Toko Kacamata Grand Optik;5,0;(5);Toko Optik;Dewi Sartika Plaza Ground Floor Blok A No.21, RT.05/RW.06;;https://lh6.googleusercontent.com/XD15CjSGaMsPM3h-Zdz1JtVsyjsjES2167TFt-O63R8uC_-vkZpC7of8sG8tYHhv=w163-h92-k-no;0858-8833-3405
https://www.google.com/maps/place/Optik+Kayumanis+-+Kacamata+Bogor/data=!4m7!3m6!1s0x2e69c354c994cf9f:0x17ac878d24bdc21b!8m2!3d-6.5246126!4d106.7696559!16s%2Fg%2F11sx31cxtk!19sChIJn8-UyVTDaS4RG8K9JI2HrBc?authuser=0&hl=id&rclk=1;Optik Kayumanis - Kacamata Bogor;5,0;(3);Toko Optik;Perum. Bukit, Jl. Kenanga Raya No.8, RT.03/RW.12;;https://lh5.googleusercontent.com/p/AF1QipMa9K3xRKp_CyIjfV0UnoGyfKK7ze_s_04e8otZ=w92-h92-k-no;0817-160-196
https://www.google.com/maps/place/Optik+Raya/data=!4m7!3m6!1s0x2e69c4b1c55c2d07:0x1a661750110c2cac!8m2!3d-6.5592503!4d106.7314721!16s%2Fg%2F11bc7slc3b!19sChIJBy1cxbHEaS4RrCwMEVAXZho?authuser=0&hl=id&rclk=1;Optik Raya;4,0;(4);Toko Optik;Jl. Babakan Raya No.110;Tutup;https://lh6.googleusercontent.com/ZjwDxGrCb9GVXeUrQ_mrFaaLcPR_KBl0GwaWA3H3pMeG5jnwI4OF_nkfaRNR9kQf=w163-h92-k-no;0822-1013-8131
https://www.google.com/maps/place/OPTIK+MENTARI+BOGOR/data=!4m7!3m6!1s0x2e69c4ef17e9f2fb:0x483a0510890ce577!8m2!3d-6.5763798!4d106.7544179!16s%2Fg%2F11g6mrbkq1!19sChIJ-_LpF-_EaS4Rd-UMiRAFOkg?authuser=0&hl=id&rclk=1;OPTIK MENTARI BOGOR;4,8;(12);Toko Optik;Jl. Sindang Barang Pengkolan jembatan No.458b;Tutup;https://lh5.googleusercontent.com/p/AF1QipMy4kMqxvaJmr5yqvnJYX9w9oN1TqIb-FAKlnp9=w163-h92-k-no;0858-9001-7982
https://www.google.com/maps/place/Green+Optik/data=!4m7!3m6!1s0x2e69c4c1929c14d3:0x7357d62c4d2009a8!8m2!3d-6.5726845!4d106.7454484!16s%2Fg%2F11b6df9fdf!19sChIJ0xScksHEaS4RqAkgTSzWV3M?authuser=0&hl=id&rclk=1;Green Optik;4,4;(18);Toko Optik;Jl. Raya Dramaga No.70, RT.03/RW.02;Tutup;https://lh5.googleusercontent.com/p/AF1QipOXG-KzO3aoHkVBRLARnTg9sM-SERs7wcn6N3D1=w122-h92-k-no;0851-0029-5811
https://www.google.com/maps/place/Optik+Seis+-+Bogor+Indah+Plaza/data=!4m7!3m6!1s0x2e69c46c775cbde9:0x91186ed35af5ae5!8m2!3d-6.5615313!4d106.7904185!16s%2Fg%2F1ptzvtx12!19sChIJ6b1cd2zEaS4R5VqvNe2GEQk?authuser=0&hl=id&rclk=1;Optik Seis - Bogor Indah Plaza;4,8;(85);Toko Optik;Bogor Indah Plaza, 1st Floor, Blok I-2, Jl. Seremped Wetan, RT.04/RW.09;Tutup;https://lh5.googleusercontent.com/p/AF1QipMWpGBgPPY9Cu7vByhtPHHUmI61E8VBLe55Q4xV=w92-h92-k-no;(0251) 8382036
https://www.google.com/maps/place/Indonesia+Optical/data=!4m7!3m6!1s0x2e69c5b4234c6cdf:0xf138ae613b5ae47c!8m2!3d-6.5918368!4d106.7901721!16s%2Fg%2F11p65qxrfx!19sChIJ32xMI7TFaS4RfORaO2GuOPE?authuser=0&hl=id&rclk=1;Indonesia Optical;;;Toko Optik;Jl. Mayor Oking No.47D, RT.04/RW.06;;https://streetviewpixels-pa.googleapis.com/v1/thumbnail?panoid=evxaRsWcXGLz_4YTo8O0Mw&cb_client=search.gws-prod.gps&w=80&h=92&yaw=293.0937&pitch=0&thumbfov=100;
https://www.google.com/maps/place/Ziqo+optik/data=!4m7!3m6!1s0x2e69c5d945efec57:0x5be29a2b85534c90!8m2!3d-6.5814896!4d106.7962677!16s%2Fg%2F11rfd6psrz!19sChIJV-zvRdnFaS4RkExThSua4ls?authuser=0&hl=id&rclk=1;Ziqo optik;2,0;(1);Toko Optik;Jl. Re. Martadinata No.57, RT.03/RW.05;;https://streetviewpixels-pa.googleapis.com/v1/thumbnail?panoid=OTAKWEta7MREe49oLYFaLg&cb_client=search.gws-prod.gps&w=80&h=92&yaw=158.99576&pitch=0&thumbfov=100;
https://www.google.com/maps/place/OPTIK+JIHAN/data=!4m7!3m6!1s0x2e69c5c4b01670b1:0xef522828ca772792!8m2!3d-6.5914146!4d106.7924865!16s%2Fg%2F11tn59lzvz!19sChIJsXAWsMTFaS4Rkid3yigoUu8?authuser=0&hl=id&rclk=1;OPTIK JIHAN;5,0;(2);Toko Optik;Jl. Dewi Sartika No.43, RT.04/RW.06;;https://lh5.googleusercontent.com/p/AF1QipPBc3_fmP9e0jmG7PTB-SOqg0iSgRRqvE7_5mM3=w163-h92-k-no;
https://www.google.com/maps/place/Optik+Neo+-+Bogor+Junction/data=!4m7!3m6!1s0x2e69c56a61a742bf:0xb1ee83ee57868028!8m2!3d-6.5887119!4d106.7969561!16s%2Fg%2F11l3lt7vwv!19sChIJv0KnYWrFaS4RKICGV-6D7rE?authuser=0&hl=id&rclk=1;Optik Neo - Bogor Junction;5,0;(197);Toko Optik;Yogya Bogor Junction, Jl. Jend. Sudirman No.11-13 Lt. Dasar, RT.01/RW.03;Tutup;https://lh5.googleusercontent.com/p/AF1QipNnVJfHPhA9qG94wh8rI-M7JJv5btLzXm3jpwiV=w92-h92-k-no;0812-1080-1070
https://www.google.com/maps/place/Optik+Gaul/data=!4m7!3m6!1s0x2e69c5c0f26ab147:0x9f92f782e7e097d6!8m2!3d-6.60464!4d106.79599!16s%2Fg%2F1hm38221n!19sChIJR7Fq8sDFaS4R1pfg54L3kp8?authuser=0&hl=id&rclk=1;Optik Gaul;;;Toko Optik;Jl. Ir. H. Juanda No.64, RT.01/RW.13;;https://streetviewpixels-pa.googleapis.com/v1/thumbnail?panoid=DsO7hlJWzhbD5LOqpjznFQ&cb_client=search.gws-prod.gps&w=80&h=92&yaw=158.42252&pitch=0&thumbfov=100;
https://www.google.com/maps/place/Optik+Ary+Jumindo+Pgb/data=!4m7!3m6!1s0x2e69c5dbd5f3158b:0x712e91663193c0d9!8m2!3d-6.5934564!4d106.7877129!16s%2Fg%2F11sh6_hmq5!19sChIJixXz1dvFaS4R2cCTMWaRLnE?authuser=0&hl=id&rclk=1;Optik Ary Jumindo Pgb;1,0;(2);Toko Optik;CQ4Q+J38, Jl. Merdeka, RT.03/RW.07;;https://lh5.googleusercontent.com/p/AF1QipOSYUF8TgEkK87u-i26a9B7xPl2T70Fgwg9pH7g=w80-h106-k-no;
https://www.google.com/maps/place/Focus+Optik/data=!4m7!3m6!1s0x2e69c4f4aca086d1:0xb82cf2d8237299c8!8m2!3d-6.5678002!4d106.7651495!16s%2Fg%2F11bz_4mllp!19sChIJ0YagrPTEaS4RyJlyI9jyLLg?authuser=0&hl=id&rclk=1;Focus Optik;4,9;(23);Toko Optik;Jl. Brigjen Saptadji Hadiprawira No.1, RT.03/RW.13;Tutup;https://lh5.googleusercontent.com/p/AF1QipO7Di7Ycy_m3V_sLPTlcudbSDgdrx8oiXXXBIbR=w199-h92-k-no;
https://www.google.com/maps/place/Optik+Sarimbit+2/data=!4m7!3m6!1s0x2e69c5e4c3c1ce85:0xd7cc9967bfc2e275!8m2!3d-6.580489!4d106.7789559!16s%2Fg%2F11hzsmzqkr!19sChIJhc7Bw-TFaS4RdeLCv2eZzNc?authuser=0&hl=id&rclk=1;Optik Sarimbit 2;5,0;(2);Toko Optik;Jl. DR. Sumeru No.120, RT.02/RW.09;Tutup;https://lh5.googleusercontent.com/p/AF1QipPcquClRQF8cvH1YZG5dPqTJSXRtMl3UxzXYKE9=w163-h92-k-no;0822-9957-1956
https://www.google.com/maps/place/Optik+Seis+-+Lippo+Plaza+Bogor+Ekalokasari/data=!4m7!3m6!1s0x2e69c5fdf7ccaa91:0xa69e5593c8ac859a!8m2!3d-6.6216495!4d106.8177688!16s%2Fg%2F11f3wl0f_q!19sChIJkarM9_3FaS4RmoWsyJNVnqY?authuser=0&hl=id&rclk=1;Optik Seis - Lippo Plaza Bogor Ekalokasari;4,8;(45);Toko Optik;Jl. Siliwangi No.123 Lantai 1, RT.01/RW.01;Tutup;https://lh5.googleusercontent.com/p/AF1QipMyDmGVdGP9djCsMyM2hbZuHmf1MrInehDearLs=w141-h92-k-no;(0251) 8362927
https://www.google.com/maps/place/Optik+Oke/data=!4m7!3m6!1s0x2e69c5bbb09489a9:0xbcb504ecce0196cb!8m2!3d-6.5713407!4d106.7879012!16s%2Fg%2F11v3z5g05v!19sChIJqYmUsLvFaS4Ry5YBzuwEtbw?authuser=0&hl=id&rclk=1;Optik Oke;;;Toko Optik;Jl. Tentara Pelajar No.15, RT.02/RW.07;Tutup;https://lh5.googleusercontent.com/p/AF1QipO7QhgN9ZtiSyqPEXjp2Fp4qCwQPIyvrko0iC2S=w80-h142-k-no;0811-1075-251
https://www.google.com/maps/place/Optik+Tunggal+Botani+Square+Bogor/data=!4m7!3m6!1s0x2e69c5db519522cd:0x997b7b3b56f57b27!8m2!3d-6.611292!4d106.8127337!16s%2Fg%2F11b6d3j85r!19sChIJzSKVUdvFaS4RJ3v1Vjt7e5k?authuser=0&hl=id&rclk=1;Optik Tunggal Botani Square Bogor;4,9;(34);Toko Optik;Botani Square Bogor Jalan Raya Pajajaran No.69-71, Lantai GF 22-23, RT.04/RW.05;Tutup;https://lh5.googleusercontent.com/p/AF1QipNCkROhRvJocI96TyiYO_zqMMrWAbnfkptDUb-y=w154-h92-k-no;0811-8109-488
https://www.google.com/maps/place/Bio+Optik/data=!4m7!3m6!1s0x2e69c46c62c09325:0xa5efcea49e4c3a7c!8m2!3d-6.5608931!4d106.7912232!16s%2Fg%2F11f9j0zsq2!19sChIJJZPAYmzEaS4RfDpMnqTO76U?authuser=0&hl=id&rclk=1;Bio Optik;4,3;(15);Toko Optik;Ruko, Jl. Sholeh Iskandar No.1, RT.02/RW.10;Tutup;https://lh5.googleusercontent.com/p/AF1QipPhsB_TXB0wowTUSesbtvPoXdYccCbFeSu6feE5=w163-h92-k-no;0852-1905-2145
https://www.google.com/maps/place/Ludhiana+Optik/data=!4m7!3m6!1s0x2e69c5b125ac4dd3:0xa9d1310ff74f798a!8m2!3d-6.5950453!4d106.7875249!16s%2Fg%2F1hm5xm4jk!19sChIJ002sJbHFaS4RinlP9w8x0ak?authuser=0&hl=id&rclk=1;Ludhiana Optik;4,9;(43);Toko Optik;Jl. Perintis Kemerdekaan No.10, RT.04/RW.03;Tutup;https://lh5.googleusercontent.com/p/AF1QipOc_xYE1hAQpbjjgx0i8sm1KdBmf_cf-19bemRh=w189-h92-k-no;(0251) 8338941
https://www.google.com/maps/place/Optik+Neo+-+Cilendek+Bogor/data=!4m7!3m6!1s0x2e69c5733668c92d:0x6417bd85a12aeea6!8m2!3d-6.5693128!4d106.7666029!16s%2Fg%2F11s5wtq0jy!19sChIJLcloNnPFaS4Rpu4qoYW9F2Q?authuser=0&hl=id&rclk=1;Optik Neo - Cilendek Bogor;5,0;(116);Toko Optik;Ruko Samoraya Residence, Jl. Brigjen Saptadji Hadiprawira No.3, RT.01/RW.07;Tutup;https://lh5.googleusercontent.com/p/AF1QipP5kBemnKYxr9V0RHTiVGaXNF1K-r1Ie1aefKiy=w80-h94-k-no;0877-7107-0168
https://www.google.com/maps/place/Optik+Melawai+-+Botani+Square+Bogor/data=!4m7!3m6!1s0x2e69c5db503c236f:0x82f7569264aeeca3!8m2!3d-6.601295!4d106.8078552!16s%2Fg%2F1tfv7r1x!19sChIJbyM8UNvFaS4Ro-yuZJJW94I?authuser=0&hl=id&rclk=1;Optik Melawai - Botani Square Bogor;3,4;(55);Toko Optik;Botani Square Lt. Dasar Unit G. 81B, Jl. Raya Pajajaran No.40, RT.04/RW.05;Tutup;https://lh5.googleusercontent.com/p/AF1QipPvShIi_7AK9Affq8GitBTfFi_sv8iUNojWKRD-=w122-h92-k-no;(0251) 8400801
https://www.google.com/maps/place/Indonesia+optikal/data=!4m7!3m6!1s0x2e69c5c0b72bb7d9:0xe3895fe1ff52eead!8m2!3d-6.5680656!4d106.7932309!16s%2Fg%2F11r9tb8jvp!19sChIJ2bcrt8DFaS4Rre5S_-FfieM?authuser=0&hl=id&rclk=1;Indonesia optikal;4,9;(40);Toko Optik;Jl. Cimanggu Barata Samping Gg H siddik II No.18, RT.07/RW.09;Tutup;https://lh5.googleusercontent.com/p/AF1QipMlHFPNxYrLZ4I3mLq-EWwjr047KJq7AaEhG1U9=w163-h92-k-no;
https://www.google.com/maps/place/Optik+Kayumanis+Plaza+Jambu+Dua+lantai+Semidasar+blok+A4+no+2,+gang+ke+2+dibawah+tangga+utama/data=!4m7!3m6!1s0x2e69c57dd4c3aa7f:0xb10b81f494b4fd2b!8m2!3d-6.5693009!4d106.808221!16s%2Fg%2F11fhz6cg80!19sChIJf6rD1H3FaS4RK_20lPSBC7E?authuser=0&hl=id&rclk=1;Optik Kayumanis Plaza Jambu Dua lantai Semidasar blok A4 no 2, gang ke 2 dibawah tangga utama;5,0;(125);Toko Optik;Plaza Jambu Dua, Blk. B No.50 Lantai Dasar, RT.01/RW.06;Tutup;https://lh5.googleusercontent.com/p/AF1QipMhImGASJRWszBQHpEX2LfItJOhND0M34ERnPaS=w122-h92-k-no;0817-160-196
https://www.google.com/maps/place/OPTIK+SEHATI+BARU+DRAMAGA/data=!4m7!3m6!1s0x2e69c54920d56f2b:0xa44e91e74104bc9c!8m2!3d-6.5634644!4d106.7331674!16s%2Fg%2F11rgrs283n!19sChIJK2_VIEnFaS4RnLwEQeeRTqQ?authuser=0&hl=id&rclk=1;OPTIK SEHATI BARU DRAMAGA;2,0;(2);Toko Optik;Jl. Raya Dramaga No.37;Buka 24 jam;https://lh5.googleusercontent.com/p/AF1QipPlY-AnQ3jgG4E-f2Mr9jUa8O06GeiTlc5ySzNg=w122-h92-k-no;
https://www.google.com/maps/place/Optik+Solusi/data=!4m7!3m6!1s0x2e69c5d9025c3fe3:0xf15e4f1268e5beb3!8m2!3d-6.6047885!4d106.7959255!16s%2Fg%2F11h04l9n7_!19sChIJ4z9cAtnFaS4Rs77laBJPXvE?authuser=0&hl=id&rclk=1;Optik Solusi;4,8;(9);Toko Optik;Bogor Trede Mall, Jl. R. Saleh S. Bustaman No.7 Lt. 3 Blok A7, RT.01/RW.13;Tutup;https://lh5.googleusercontent.com/p/AF1QipMBLKTZKGtfk7YLjnun3EEbnUlfqHolRkpdeMA4=w80-h106-k-no;0812-9692-9877
https://www.google.com/maps/place/Asgar+Optik/data=!4m7!3m6!1s0x2e69c5b5d952c8c3:0x72529be20b5f9288!8m2!3d-6.5924781!4d106.7922888!16s%2Fg%2F11g6xw8g4d!19sChIJw8hS2bXFaS4RiJJfC-KbUnI?authuser=0&hl=id&rclk=1;Asgar Optik;4,7;(43);Toko Optik;pasar anyar kebon kembang blok b2 basement no 27-28, RT.02/RW.01;Tutup;https://lh5.googleusercontent.com/p/AF1QipN5oS-yqBHyhWDD22XnCd5YjboVgm55N4ldWY0=w144-h92-k-no;0813-1983-5770
https://www.google.com/maps/place/Bio+Optik/data=!4m7!3m6!1s0x2e69c59938180f55:0x9da72accad090282!8m2!3d-6.5807367!4d106.8075003!16s%2Fg%2F11k4j1gvb7!19sChIJVQ8YOJnFaS4RggIJrcwqp50?authuser=0&hl=id&rclk=1;Bio Optik;4,8;(36);Toko Optik;Pojok Harmony, Jl. Achmad Sobana Jl. Bangbarung Raya Kios C5;Tutup;https://lh5.googleusercontent.com/p/AF1QipOX8ytfyEldVS881JQtFEkdVr9jNb_mi-iLEHm6=w122-h92-k-no;0813-2525-3326
https://www.google.com/maps/place/Optik+Sehati+Dramaga/data=!4m7!3m6!1s0x2e69c4b74a9e5b41:0x2868ba0e3fc89ca6!8m2!3d-6.5634746!4d106.7331884!16s%2Fg%2F11g8lr07hg!19sChIJQVueSrfEaS4RppzIPw66aCg?authuser=0&hl=id&rclk=1;Optik Sehati Dramaga;4,9;(9);Toko Optik;Blok Bara 1, Jl. Babakan - Dramaga Blok Bara 1 No.28;Tutup;https://lh5.googleusercontent.com/p/AF1QipPSl18So_GzHm_kyNs8iYE0zzHT4AEIcu6_LIVA=w80-h106-k-no;
https://www.google.com/maps/place/optik+sepasang/data=!4m7!3m6!1s0x2e69c50e4b0837cf:0xb231b5c1fa839d7f!8m2!3d-6.6014395!4d106.7605635!16s%2Fg%2F11tn5bcms0!19sChIJzzcISw7FaS4Rf52D-sG1MbI?authuser=0&hl=id&rclk=1;optik sepasang;;;Toko Optik;9QX6+C6G, Jl. Raya Ciomas Kreteg;;https://streetviewpixels-pa.googleapis.com/v1/thumbnail?panoid=aWJrnrYJmKi0ML9FrWlWyQ&cb_client=search.gws-prod.gps&w=80&h=92&yaw=2.0085535&pitch=0&thumbfov=100;
https://www.google.com/maps/place/OPTIK+EZIA+%28cimanggu%29/data=!4m7!3m6!1s0x2e69c5cefb8dbbbb:0x7bbe0736effd52c8!8m2!3d-6.5571443!4d106.7828135!16s%2Fg%2F11tgb1g5fs!19sChIJu7uN-87FaS4RyFL97zYHvns?authuser=0&hl=id&rclk=1;OPTIK EZIA (cimanggu);5,0;(51);Toko Optik;Jl. Bukit Cimanggu City Raya No.25-21, RT.06/RW.09;Tutup;https://lh5.googleusercontent.com/p/AF1QipOC_2coO3hUh4dijNVLnOU5fegpWpO5x17WBtGq=w122-h92-k-no;0812-2212-7472
https://www.google.com/maps/place/April+Eyewear+Bogor/data=!4m7!3m6!1s0x2e69c556e35d0487:0x9a991095afa89c7!8m2!3d-6.5810401!4d106.8100056!16s%2Fg%2F11vllysnb5!19sChIJhwRd41bFaS4Rx4n6WgmRqQk?authuser=0&hl=id&rclk=1;April Eyewear Bogor;4,9;(88);Toko Optik;Jl. Bangbarung Raya No.29;Tutup;https://lh5.googleusercontent.com/p/AF1QipPpUFSGhFFmFBrPa2ls2PimAa44J66tEVhpPuBg=w80-h106-k-no;0812-9510-6006
https://www.google.com/maps/place/Optik+Cibuluh/data=!4m7!3m6!1s0x2e69c544acf21fed:0x94e0eff5679a68b2!8m2!3d-6.5559895!4d106.8166292!16s%2Fg%2F11f7rxsvdd!19sChIJ7R_yrETFaS4RsmiaZ_Xv4JQ?authuser=0&hl=id&rclk=1;Optik Cibuluh;4,9;(10);Toko Optik;Jalan K.S. Tubun No.148/176, RT.03/RW.08;Tutup;;0896-0194-8795
https://www.google.com/maps/place/KajaMata+Bogor/data=!4m7!3m6!1s0x2e69c50bf7b7ce3f:0xc262fcd986405546!8m2!3d-6.5920881!4d106.7880895!16s%2Fg%2F11s20szksz!19sChIJP8639wvFaS4RRlVAhtn8YsI?authuser=0&hl=id&rclk=1;KajaMata Bogor;5,0;(92);Toko Optik;SHU Space, Jl. Merdeka No.78, RT.01/RW02/RW.02;Tutup;;0877-0482-6390
https://www.google.com/maps/place/Optik+Naga+-+Yogya+Dramaga+Bogor/data=!4m7!3m6!1s0x2e69c4c16bfca0d5:0xf62f5acc61baa206!8m2!3d-6.5725042!4d106.7430064!16s%2Fg%2F11dfgwl1fx!19sChIJ1aD8a8HEaS4RBqK6YcxaL_Y?authuser=0&hl=id&rclk=1;Optik Naga - Yogya Dramaga Bogor;4,4;(5);Toko Optik;Km7, Yogya Dramaga, Jl. Raya Dramaga, RT.03/RW.02;Tutup;;0813-1105-5858
https://www.google.com/maps/place/Optik+Dramaga/data=!4m7!3m6!1s0x2e69c4b119b2e84b:0xdb0468c223f87145!8m2!3d-6.5622605!4d106.7317028!16s%2Fg%2F11fzv13zm4!19sChIJS-iyGbHEaS4RRXH4I8JoBNs?authuser=0&hl=id&rclk=1;Optik Dramaga;4,9;(7);Toko Optik;·;Tutup;https://lh5.googleusercontent.com/p/AF1QipNlEr504j0atCGYCznf4gLXaz8jK_sLIK_ZksWY=w122-h92-k-no;0878-9738-9676
https://www.google.com/maps/place/Optik+Cibuluh/data=!4m7!3m6!1s0x2e69c544acf21fed:0x94e0eff5679a68b2!8m2!3d-6.5559895!4d106.8166292!16s%2Fg%2F11f7rxsvdd!19sChIJ7R_yrETFaS4RsmiaZ_Xv4JQ?authuser=0&hl=id&rclk=1;Optik Cibuluh;4,9;(10);Toko Optik;Jalan K.S. Tubun No.148/176, RT.03/RW.08;Tutup;https://lh5.googleusercontent.com/p/AF1QipPiYDup5e2PI9VmhNiLyzVN0eelppp_upJFZ34=w163-h92-k-no;0896-0194-8795
https://www.google.com/maps/place/KajaMata+Bogor/data=!4m7!3m6!1s0x2e69c50bf7b7ce3f:0xc262fcd986405546!8m2!3d-6.5920881!4d106.7880895!16s%2Fg%2F11s20szksz!19sChIJP8639wvFaS4RRlVAhtn8YsI?authuser=0&hl=id&rclk=1;KajaMata Bogor;5,0;(92);Toko Optik;SHU Space, Jl. Merdeka No.78, RT.01/RW02/RW.02;Tutup;https://lh5.googleusercontent.com/p/AF1QipNwJc67ncmYsTSikUPIdx-tBuZ9qk4HJKlf7Ci1=w163-h92-k-no;0877-0482-6390
https://www.google.com/maps/place/Optik+Naga+-+Yogya+Dramaga+Bogor/data=!4m7!3m6!1s0x2e69c4c16bfca0d5:0xf62f5acc61baa206!8m2!3d-6.5725042!4d106.7430064!16s%2Fg%2F11dfgwl1fx!19sChIJ1aD8a8HEaS4RBqK6YcxaL_Y?authuser=0&hl=id&rclk=1;Optik Naga - Yogya Dramaga Bogor;4,4;(5);Toko Optik;Km7, Yogya Dramaga, Jl. Raya Dramaga, RT.03/RW.02;Tutup;https://lh5.googleusercontent.com/p/AF1QipMknPF8VQU5DFWpTS_OWBoC_xhAWnigZLFkLl9g=w122-h92-k-no;0813-1105-5858
https://www.google.com/maps/place/Java+Optik/data=!4m7!3m6!1s0x2e69c529c2714161:0xab92af303fc244cc!8m2!3d-6.5967536!4d106.779253!16s%2Fg%2F11h1rjtx40!19sChIJYUFxwinFaS4RzETCPzCvkqs?authuser=0&hl=id&rclk=1;Java Optik;4,2;(9);Toko Optik;Jl. Re. Abdullah No.1A, RT.02/RW.01;Tutup;https://lh5.googleusercontent.com/p/AF1QipPq3E38s5czIFHfCuKy42uvJPGFHp9dd9CfIADi=w122-h92-k-no;0852-1151-9401
https://www.google.com/maps/place/Optik+Internasional/data=!4m7!3m6!1s0x2e69c5ea676676cd:0x3207d99098860102!8m2!3d-6.6089722!4d106.7976962!16s%2Fg%2F11f03llxlr!19sChIJzXZmZ-rFaS4RAgGGmJDZBzI?authuser=0&hl=id&rclk=1;Optik Internasional;4,4;(14);Toko Optik;Jl. Pahlawan No.35H;Tutup;https://lh5.googleusercontent.com/p/AF1QipOIVGaKVba-US4pgwr7wOfJk3Y8KagBeQXra5g=w80-h106-k-no;(0251) 7568300
https://www.google.com/maps/place/OPTIK+MAESTRO/data=!4m7!3m6!1s0x2e69c3ee81021dd9:0xc438191be593ef53!8m2!3d-6.5329986!4d106.8002874!16s%2Fg%2F11bz_4b2cv!19sChIJ2R0Cge7DaS4RU--T5RsZOMQ?authuser=0&hl=id&rclk=1;OPTIK MAESTRO;4,0;(10);Toko Optik;Jl. St. Cilebut No.RT02/03 No.26;Tutup;https://lh5.googleusercontent.com/p/AF1QipPf1vqHLK24G9ZF2LYaesJyn4dfPSSec0QqKO9l=w163-h92-k-no;0817-9102-580
https://www.google.com/maps/place/OPTIK+BERKAT/data=!4m7!3m6!1s0x2e69c57429e33acb:0x6285f68b25fece8b!8m2!3d-6.5912818!4d106.7924929!16s%2Fg%2F11s__tkkgd!19sChIJyzrjKXTFaS4Ri87-JYv2hWI?authuser=0&hl=id&rclk=1;OPTIK BERKAT;5,0;(3);Toko Optik;Pasar Kebon Kembang Blok CD Lt. Dasar No 41 Pasar Anyar, RT.04/RW.06;Tutup;https://lh5.googleusercontent.com/p/AF1QipMuJzF9l4tqSNx9rcdT1nA4Fw5OtybHU8V4qMoy=w80-h142-k-no;0819-3223-3349
https://www.google.com/maps/place/Dunia+Kacamata/data=!4m7!3m6!1s0x2e69c5c0f26ab147:0xa63f3d20bb90e125!8m2!3d-6.5926154!4d106.7964987!16s%2Fg%2F1hm2w30sl!19sChIJR7Fq8sDFaS4RJeGQuyA9P6Y?authuser=0&hl=id&rclk=1;Dunia Kacamata;4,0;(1);Toko Optik;Jl. Ir. H. Juanda No.2 Lantai UG A9 1;Tutup;https://lh5.googleusercontent.com/p/AF1QipOPuNOEaXeU0HwJBOjUy4_i_kn3Ph5SGoacoVcC=w122-h92-k-no;0859-2512-6689
https://www.google.com/maps/place/Outlet+Pislon+Optik/data=!4m7!3m6!1s0x2e69c5fdaebb28e7:0x82cea00dc4260b0a!8m2!3d-6.6200442!4d106.8141995!16s%2Fg%2F1pzv9pq3b!19sChIJ5yi7rv3FaS4RCgsmxA2gzoI?authuser=0&hl=id&rclk=1;Outlet Pislon Optik;;;Toko Optik;Jl. Siliwangi No.164, RT.07/RW.02;;https://streetviewpixels-pa.googleapis.com/v1/thumbnail?panoid=4NJYnsppNYwY2TzX8R3h0g&cb_client=search.gws-prod.gps&w=80&h=92&yaw=304.92548&pitch=0&thumbfov=100;(0251) 8362926
https://www.google.com/maps/place/Vision+Optik/data=!4m7!3m6!1s0x2e69c46c77d6aab5:0xfe28b6693eae1e66!8m2!3d-6.5615809!4d106.7904409!16s%2Fg%2F11csb1pd57!19sChIJtarWd2zEaS4RZh6uPmm2KP4?authuser=0&hl=id&rclk=1;Vision Optik;3,0;(2);Toko Optik;Ruko Yogya Plaza Indah Jalan Raya Baru, Jl. Kedung Badak No.5 Blok C, RT.04/RW.09;Tutup;https://lh5.googleusercontent.com/ivC_sLzX1dKcG0HV0NCTECYYOKWauhVSW2oAWTzuOhG3lUfV55soJ_iAQ6kjXbjcIQ=w163-h92-k-no;(0251) 8310164
https://www.google.com/maps/place/Optik+Diana/data=!4m7!3m6!1s0x2e69c5b1682b6197:0x6b1364f84ad958f4!8m2!3d-6.593176!4d106.7867825!16s%2Fg%2F11b6dp_yvz!19sChIJl2EraLHFaS4R9FjZSvhkE2s?authuser=0&hl=id&rclk=1;Optik Diana;5,0;(7);Toko Optik;Gd Pusat Grosir Bogor, Blok DSS, Jalan Perintis Kemerdekaan No.10, Kebon Kelapa, Bogor Tengah, RT.05/RW.03;Buka;https://lh5.googleusercontent.com/p/AF1QipO5WFpeUKVBcUJET1XyRyeOdQQXpcdMbjkcI_iR=w163-h92-k-no;0812-8334-4944
https://www.google.com/maps/place/Indah+optik/data=!4m7!3m6!1s0x2e69c3a490237925:0x98b32b81a9d27f22!8m2!3d-6.530911!4d106.796604!16s%2Fg%2F11fslk539x!19sChIJJXkjkKTDaS4RIn_SqYErs5g?authuser=0&hl=id&rclk=1;Indah optik;4,2;(5);Toko Optik;Jl. Pendidikan No.49-45;Tutup;https://lh5.googleusercontent.com/p/AF1QipNK1cehOiV_Oe-0DkJqkzyLJZQz9LXvlDrp7JAz=w122-h92-k-no;0821-1193-7921
https://www.google.com/maps/place/OPTIK+NIKIMAWON/data=!4m7!3m6!1s0x2e69c3a3dd54f033:0xff3975672428ecc2!8m2!3d-6.5214063!4d106.7772467!16s%2Fg%2F11f50s88g4!19sChIJM_BU3aPDaS4RwuwoJGd1Of8?authuser=0&hl=id&rclk=1;OPTIK NIKIMAWON;5,0;(35);Toko Optik;dekat RED BOX, Sa'ayani, Jl. Kh. Ahmad Sya'yani, RT.03/RW.07;Tutup;https://lh5.googleusercontent.com/p/AF1QipPf7-PqTy1BHL0UvgN2WrG7MQEeQtVOsvjtno-Q=w80-h106-k-no;0813-8277-8212
https://www.google.com/maps/place/Cimanggu+Optical/data=!4m7!3m6!1s0x2e69c443fa2ddd3f:0xdeba31d64505ea62!8m2!3d-6.5731671!4d106.7803316!16s%2Fg%2F11cs4gvjyx!19sChIJP90t-kPEaS4RYuoFRdYxut4?authuser=0&hl=id&rclk=1;Cimanggu Optical;4,8;(4);Toko Optik;Jl. Cilendek Timur Raya No.10, RT.04/RW.08;Tutup;https://lh5.googleusercontent.com/p/AF1QipM3OJ4-M_HqA_3PNXBl67veAq3gSSdr1ZP7voe8=w184-h92-k-no;0821-1158-2666
https://www.google.com/maps/place/Optik+Kayumanis+Taman+Yasmin/data=!4m7!3m6!1s0x2e69c5dd3a0c6e97:0x36c8116b6397b16!8m2!3d-6.5580413!4d106.7718541!16s%2Fg%2F11j7xwc8gw!19sChIJl24MOt3FaS4RFns5thaBbAM?authuser=0&hl=id&rclk=1;Optik Kayumanis Taman Yasmin;5,0;(178);Toko Optik;Taman Yasmin, Lantai 2, RT.09/RW.08;Tutup;https://lh5.googleusercontent.com/p/AF1QipNHdugnEp0nIH9M5kGzzwK2yJhMC5Hc7woLfGKq=w122-h92-k-no;
https://www.google.com/maps/place/Optik+Dewi/data=!4m7!3m6!1s0x2e69c7b08924c7a9:0xd6087700edf67548!8m2!3d-6.5525057!4d106.8248093!16s%2Fg%2F11h4_cxb9k!19sChIJqcckibDHaS4RSHX27QB3CNY?authuser=0&hl=id&rclk=1;Optik Dewi;;;Grosir optik;Jl. Pangeran Sogiri, H3/10B, RT.02/RW.09;Tutup;https://lh5.googleusercontent.com/p/AF1QipM5IXHXIrmuiIZAEoe8hRpZq2d34FibhVhmJNbl=w92-h92-k-no;0823-2941-1679
https://www.google.com/maps/place/OPTIK+INTERNASIONAL+BOGOR+1/data=!4m7!3m6!1s0x2e69c5b7172baa7f:0xaaec53c22a29bd4f!8m2!3d-6.615407!4d106.808481!16s%2Fg%2F11jmzhcmf3!19sChIJf6orF7fFaS4RT70pKsJT7Ko?authuser=0&hl=id&rclk=1;OPTIK INTERNASIONAL BOGOR 1;5,0;(1);Toko Optik;LIPPO PLAZA Ekalokasari Lt. UG Kios no. 21, Jl. Siliwangi No.123, RT.01/RW.13;;https://streetviewpixels-pa.googleapis.com/v1/thumbnail?panoid=tfqku0x5htPWdwk-GSbitQ&cb_client=search.gws-prod.gps&w=80&h=92&yaw=240.88565&pitch=0&thumbfov=100;0888-5526-526
https://www.google.com/maps/place/Optik+Melawai+-+Transmart+Yasmin+Bogor/data=!4m7!3m6!1s0x2e69c5eb70bdb641:0x650e107322e2deed!8m2!3d-6.5563307!4d106.7755351!16s%2Fg%2F11j20xplnc!19sChIJQba9cOvFaS4R7d7iInMQDmU?authuser=0&hl=id&rclk=1;Optik Melawai - Transmart Yasmin Bogor;4,6;(11);Toko Optik;Transmart Yasmin LT. GF Unit 16 Jl. KH. R. Abdulah Bin Nuh, RT.05/RW.04;Tutup;https://lh5.googleusercontent.com/p/AF1QipNhvVvMLpWSbvZL4WlNgIsxbnhc0m8YKsFRhQHj=w122-h92-k-no;0815-1927-8840
https://www.google.com/maps/place/OPTIK+JIHAN/data=!4m7!3m6!1s0x2e69c5c4b01670b1:0xef522828ca772792!8m2!3d-6.5914146!4d106.7924865!16s%2Fg%2F11tn59lzvz!19sChIJsXAWsMTFaS4Rkid3yigoUu8?authuser=0&hl=id&rclk=1;OPTIK JIHAN;5,0;(2);Toko Optik;Jl. Dewi Sartika No.43, RT.04/RW.06;;https://lh5.googleusercontent.com/p/AF1QipNld7mb_Ij9dbheFdoN_hr90nNdJRaZkkOb25nv=w163-h92-k-no;
https://www.google.com/maps/place/Devyan+Optik/data=!4m7!3m6!1s0x2e69c407d4f042eb:0xad5892ca441a1322!8m2!3d-6.5480142!4d106.8062638!16s%2Fg%2F11f_kmybrt!19sChIJ60Lw1AfEaS4RIhMaRMqSWK0?authuser=0&hl=id&rclk=1;Devyan Optik;5,0;(27);Toko Optik;Jl. Raya Pemda Pangkalan II No.9;Tutup;https://lh5.googleusercontent.com/p/AF1QipNsvxXOBj2AIdyj7eYykp3FVpdFysA3D3JVk16u=w80-h106-k-no;0896-3560-9998
https://www.google.com/maps/place/Optik+Ramadhan/data=!4m7!3m6!1s0x2e69c5c15b61578b:0x48a05d269bf66!8m2!3d-6.6032896!4d106.7987398!16s%2Fg%2F11h13256c!19sChIJi1dhW8HFaS4RZr9p0gWKBAA?authuser=0&hl=id&rclk=1;Optik Ramadhan;4,5;(8);Toko Optik;Jl. Suryakencana No.4, RT.01/RW.01;Tutup;https://streetviewpixels-pa.googleapis.com/v1/thumbnail?panoid=0RrlPHnYsiiv_A7QlmAZNQ&cb_client=search.gws-prod.gps&w=80&h=92&yaw=265.83472&pitch=0&thumbfov=100;(0251) 343862
https://www.google.com/maps/place/Optik+Mata/data=!4m7!3m6!1s0x2e69c54eaf951613:0x2bb0944c0e75d568!8m2!3d-6.6048175!4d106.7958888!16s%2Fg%2F11h21_cl1n!19sChIJExaVr07FaS4RaNV1DkyUsCs?authuser=0&hl=id&rclk=1;Optik Mata;;;Toko Optik;Bogor Trade Mall, Jl. R. Saleh S. Bustaman No.008, RT.01/RW.13;Tutup;https://lh5.googleusercontent.com/p/AF1QipMan6nKof9mJeV1_KZeqnsIE2Zoj88DfrcjZak_=w163-h92-k-no;0856-0857-0900
https://www.google.com/maps/place/SATURDAYS+Optik+Botani+Square/data=!4m7!3m6!1s0x2e69c5290a1cead1:0xfdb0cddcd0dde5a7!8m2!3d-6.601349!4d106.8076119!16s%2Fg%2F11stp2sqx6!19sChIJ0eocCinFaS4Rp-Xd0NzNsP0?authuser=0&hl=id&rclk=1;SATURDAYS Optik Botani Square;5,0;(14);Toko Optik;Botani Square Bogor, Jl. Raya Pajajaran No.40 GF-48;Tutup;https://lh5.googleusercontent.com/p/AF1QipP0i3w0Lk-ZbnTvo_uyjw7JO3xyNrBblKTccydz=w117-h92-k-no;0877-4955-2544
https://www.google.com/maps/place/A.+Kasoem+Cikini+Optikal/data=!4m7!3m6!1s0x2e69c5c4acb596ab:0x1c415538862d56b8!8m2!3d-6.601891!4d106.806023!16s%2Fg%2F12jsl59z_!19sChIJq5a1rMTFaS4RuFYthjhVQRw?authuser=0&hl=id&rclk=1;A. Kasoem Cikini Optikal;3,8;(5);Toko Optik;9RX4+6CR, Jl. Pajajaran - Baranangsiang, Botani Square, RT.04/RW.05;Tutup;https://lh5.googleusercontent.com/nG4OkOP5QqM60DdYWzpKRQcKbJvPDxCEeCL9Xsbtz9pIe7yC9LFybRQnFqri9iRC=w122-h92-k-no;(0251) 8400772
https://www.google.com/maps/place/Jm+Top+Optical/data=!4m7!3m6!1s0x2e69c5db519522cd:0x8c68077d77138c96!8m2!3d-6.6012718!4d106.8071548!16s%2Fg%2F1hf001sgm!19sChIJzSKVUdvFaS4RlowTd30HaIw?authuser=0&hl=id&rclk=1;Jm Top Optical;4,8;(4);Toko Optik;Botani Square Lt. 1, RT.04/RW.05;Tutup;https://lh5.googleusercontent.com/p/AF1QipO-KxZOj9bbrXSN__6iQML9aIRDwSKzVni8TN-Y=w80-h106-k-no;(0251) 8400693
https://www.google.com/maps/place/Optik+Amanda/data=!4m7!3m6!1s0x2e69c584dcf8534d:0x45997562e188f39f!8m2!3d-6.5626913!4d106.7771948!16s%2Fg%2F11sy_r5x49!19sChIJTVP43ITFaS4Rn_OI4WJ1mUU?authuser=0&hl=id&rclk=1;Optik Amanda;5,0;(15);Toko;Jl. Palem 1 No.9 Blok S1, RT.01/RW.11;Tutup;https://lh5.googleusercontent.com/p/AF1QipO2sRf-Rf64pCSNmrcP9rIL8DB9pOe5aG6g1qxt=w80-h106-k-no;0877-7071-7268
https://www.google.com/maps/place/Optik+Avicena+%28+Kacamata+%26+Softlens+%29/data=!4m7!3m6!1s0x2e69c5f8e3febb37:0x396754548090fdf7!8m2!3d-6.620212!4d106.8143765!16s%2Fg%2F11gfd2hn1r!19sChIJN7v-4_jFaS4R9_2QgFRUZzk?authuser=0&hl=id&rclk=1;Optik Avicena ( Kacamata & Softlens );4,9;(9);Toko Optik;Jl. Lawang Gintung Rt03, RT.04/RW.03;Tutup;https://lh5.googleusercontent.com/p/AF1QipMX_r8I3oOgtgGRwFV-8TtzqSyd1YP7q7V214Bd=w92-h92-k-no;0812-1327-8214
https://www.google.com/maps/place/Optik+Rama/data=!4m7!3m6!1s0x2e69c50fd998f8d3:0x69bc8868fa9e775!8m2!3d-6.60053!4d106.7591264!16s%2Fg%2F11c2nk2fk9!19sChIJ0_iY2Q_FaS4Rdeepj4bImwY?authuser=0&hl=id&rclk=1;Optik Rama;5,0;(3);Toko Optik;Jl. Raya Taman Pagelaran No.Desa;Tutup;;0856-9312-1149
https://www.google.com/maps/place/Black+And+White+Optic/data=!4m7!3m6!1s0x2e69c5c0ede29ce9:0x52a388680783731f!8m2!3d-6.60485!4d106.7958739!16s%2Fg%2F1hm5zfrhl!19sChIJ6Zzi7cDFaS4RH3ODB2iIo1I?authuser=0&hl=id&rclk=1;Black And White Optic;5,0;(1);Toko Optik;Bogor Trade Mall, Jl. Ir. H. Juanda No.5, RT.01/RW.13;Tutup;;(0251) 8401326
https://www.google.com/maps/place/Optik+Anna/data=!4m7!3m6!1s0x2e69c44838959a77:0x3d56cd5f0ea535d4!8m2!3d-6.5808209!4d106.7923702!16s%2Fg%2F11c1w0bcj0!19sChIJd5qVOEjEaS4R1DWlDl_NVj0?authuser=0&hl=id&rclk=1;Optik Anna;;;Toko Optik;CQ9R+MWH Pondok Rumput, Jl. Bubulak, RT.04/RW.06;;;0857-1416-0261
https://www.google.com/maps/place/Optik+Athira/data=!4m7!3m6!1s0x2e69c50ef3bb84df:0x34655b83a14ec70e!8m2!3d-6.6022218!4d106.7622694!16s%2Fg%2F11cs3xtjv6!19sChIJ34S78w7FaS4RDsdOoYNbZTQ?authuser=0&hl=id&rclk=1;Optik Athira;5,0;(3);Toko Optik;Jl. Raya Ciomas No.6A;Tutup;;0856-9427-6564
https://www.google.com/maps/place/Optik+Flamboyan/data=!4m7!3m6!1s0x2e69c42319441c2b:0xa9bc775e583a43c4!8m2!3d-6.5692004!4d106.8078997!16s%2Fg%2F1pzrqw65d!19sChIJKxxEGSPEaS4RxEM6WF53vKk?authuser=0&hl=id&rclk=1;Optik Flamboyan;5,0;(1);Toko Optik;Plaza Jambu Dua Lantai Semi Dasar, Jl. A. Yani No.2, RT.01/RW.06;Tutup;;0877-7088-4678
https://www.google.com/maps/place/Optik+Rama/data=!4m7!3m6!1s0x2e69c50fd998f8d3:0x69bc8868fa9e775!8m2!3d-6.60053!4d106.7591264!16s%2Fg%2F11c2nk2fk9!19sChIJ0_iY2Q_FaS4Rdeepj4bImwY?authuser=0&hl=id&rclk=1;Optik Rama;5,0;(3);Toko Optik;Jl. Raya Taman Pagelaran No.Desa;Tutup;https://lh5.googleusercontent.com/p/AF1QipMrlAHx3zf9DvulSWWLjuB1MSrtD7vR1Dt5Efwb=w163-h92-k-no;0856-9312-1149
https://www.google.com/maps/place/Black+And+White+Optic/data=!4m7!3m6!1s0x2e69c5c0ede29ce9:0x52a388680783731f!8m2!3d-6.60485!4d106.7958739!16s%2Fg%2F1hm5zfrhl!19sChIJ6Zzi7cDFaS4RH3ODB2iIo1I?authuser=0&hl=id&rclk=1;Black And White Optic;5,0;(1);Toko Optik;Bogor Trade Mall, Jl. Ir. H. Juanda No.5, RT.01/RW.13;Tutup;https://lh5.googleusercontent.com/p/AF1QipNAVf8qCZ6CVH6VnROa4PkGprFfftzNf-Hg8Gc7=w122-h92-k-no;(0251) 8401326
https://www.google.com/maps/place/Optik+Anna/data=!4m7!3m6!1s0x2e69c44838959a77:0x3d56cd5f0ea535d4!8m2!3d-6.5808209!4d106.7923702!16s%2Fg%2F11c1w0bcj0!19sChIJd5qVOEjEaS4R1DWlDl_NVj0?authuser=0&hl=id&rclk=1;Optik Anna;;;Toko Optik;CQ9R+MWH Pondok Rumput, Jl. Bubulak, RT.04/RW.06;;;0857-1416-0261
https://www.google.com/maps/place/Optik+Athira/data=!4m7!3m6!1s0x2e69c50ef3bb84df:0x34655b83a14ec70e!8m2!3d-6.6022218!4d106.7622694!16s%2Fg%2F11cs3xtjv6!19sChIJ34S78w7FaS4RDsdOoYNbZTQ?authuser=0&hl=id&rclk=1;Optik Athira;5,0;(3);Toko Optik;Jl. Raya Ciomas No.6A;Tutup;;0856-9427-6564
https://www.google.com/maps/place/Optik+Flamboyan/data=!4m7!3m6!1s0x2e69c42319441c2b:0xa9bc775e583a43c4!8m2!3d-6.5692004!4d106.8078997!16s%2Fg%2F1pzrqw65d!19sChIJKxxEGSPEaS4RxEM6WF53vKk?authuser=0&hl=id&rclk=1;Optik Flamboyan;5,0;(1);Toko Optik;Plaza Jambu Dua Lantai Semi Dasar, Jl. A. Yani No.2, RT.01/RW.06;Tutup;;0877-7088-4678
https://www.google.com/maps/place/Optik+Inara/data=!4m7!3m6!1s0x2e69db6732db5e13:0x5fe1b16d9b579e21!8m2!3d-6.5546452!4d106.6978092!16s%2Fg%2F11qlzz4j9h!19sChIJE17bMmfbaS4RIZ5Xm22x4V8?authuser=0&hl=id&rclk=1;Optik Inara;4,0;(3);Toko Optik;;;;
https://www.google.com/maps/place/Optik+Mata/data=!4m7!3m6!1s0x2e69c5eeb4df2629:0xf863aaa065616158!8m2!3d-6.6179299!4d106.7838481!16s%2Fg%2F11fhqr248g!19sChIJKSbftO7FaS4RWGFhZaCqY_g?authuser=0&hl=id&rclk=1;Optik Mata;4,5;(2);Toko Optik;Jl. Kapten Yusuf RT 2 RW 8 Kota Batu, RT.01/RW.07;Tutup;;0852-7820-3165
https://www.google.com/maps/place/Natasha+Optik/data=!4m7!3m6!1s0x2e69c5a0f1bd369b:0xb29208038e8755f7!8m2!3d-6.5702429!4d106.7985095!16s%2Fg%2F11gxrht4kv!19sChIJmza98aDFaS4R91WHjgMIkrI?authuser=0&hl=id&rclk=1;Natasha Optik;5,0;(1);Toko Optik;Jl Pemuda No 43A & 43B, RT.01/RW.06;Tutup;;0878-8590-0809
https://www.google.com/maps/place/Optik+Sehati/data=!4m7!3m6!1s0x2e69dbdfa5f6b1fd:0x193d58a0f660edab!8m2!3d-6.5743714!4d106.6314866!16s%2Fg%2F11b6dfkh9v!19sChIJ_bH2pd_baS4Rq-1g9qBYPRk?authuser=0&hl=id&rclk=1;Optik Sehati;5,0;(2);Toko Optik;Jl. Raya Leuwiliang No.21;Tutup;;0813-1583-8929
https://www.google.com/maps/place/Optik+Express/data=!4m7!3m6!1s0x2e69c237d265377d:0x59659fc3a6fae5ac!8m2!3d-6.4970254!4d106.7949213!16s%2Fg%2F11bzt95jx0!19sChIJfTdl0jfCaS4RrOX6psOfZVk?authuser=0&hl=id&rclk=1;Optik Express;4,6;(32);Toko Optik;Jl. Raya Bojong Gede;Tutup;;0812-8806-3742
https://www.google.com/maps/place/Optik+Anna/data=!4m7!3m6!1s0x2e69c44838959a77:0x3d56cd5f0ea535d4!8m2!3d-6.5808209!4d106.7923702!16s%2Fg%2F11c1w0bcj0!19sChIJd5qVOEjEaS4R1DWlDl_NVj0?authuser=0&hl=id&rclk=1;Optik Anna;;;Toko Optik;CQ9R+MWH Pondok Rumput, Jl. Bubulak, RT.04/RW.06;;https://lh5.googleusercontent.com/DGmvfe3icpB3vhG16_rEwhJnwTmSXK56WEQc90k4LYbROCPfgVcwElHi-BKJRlY=w163-h92-k-no;0857-1416-0261
https://www.google.com/maps/place/Optik+Athira/data=!4m7!3m6!1s0x2e69c50ef3bb84df:0x34655b83a14ec70e!8m2!3d-6.6022218!4d106.7622694!16s%2Fg%2F11cs3xtjv6!19sChIJ34S78w7FaS4RDsdOoYNbZTQ?authuser=0&hl=id&rclk=1;Optik Athira;5,0;(3);Toko Optik;Jl. Raya Ciomas No.6A;Tutup;https://lh5.googleusercontent.com/p/AF1QipM2MWquk7B3TYPx6opXYKTnyLhy-ttRQlNb205f=w122-h92-k-no;0856-9427-6564
https://www.google.com/maps/place/Optik+Flamboyan/data=!4m7!3m6!1s0x2e69c42319441c2b:0xa9bc775e583a43c4!8m2!3d-6.5692004!4d106.8078997!16s%2Fg%2F1pzrqw65d!19sChIJKxxEGSPEaS4RxEM6WF53vKk?authuser=0&hl=id&rclk=1;Optik Flamboyan;5,0;(1);Toko Optik;Plaza Jambu Dua Lantai Semi Dasar, Jl. A. Yani No.2, RT.01/RW.06;Tutup;https://lh5.googleusercontent.com/p/AF1QipOS5UlCpSko3zryyO30Kk5vmCKp18IM3L0bSa9F=w126-h92-k-no;0877-7088-4678
https://www.google.com/maps/place/Optik+Inara/data=!4m7!3m6!1s0x2e69db6732db5e13:0x5fe1b16d9b579e21!8m2!3d-6.5546452!4d106.6978092!16s%2Fg%2F11qlzz4j9h!19sChIJE17bMmfbaS4RIZ5Xm22x4V8?authuser=0&hl=id&rclk=1;Optik Inara;4,0;(3);Toko Optik;;;https://lh5.googleusercontent.com/p/AF1QipNHFEFjYDUJxyK6riUH3SdDMoEJ6AB_qqIlbnGt=w80-h142-k-no;
https://www.google.com/maps/place/Optik+Mata/data=!4m7!3m6!1s0x2e69c5eeb4df2629:0xf863aaa065616158!8m2!3d-6.6179299!4d106.7838481!16s%2Fg%2F11fhqr248g!19sChIJKSbftO7FaS4RWGFhZaCqY_g?authuser=0&hl=id&rclk=1;Optik Mata;4,5;(2);Toko Optik;Jl. Kapten Yusuf RT 2 RW 8 Kota Batu, RT.01/RW.07;Tutup;https://lh5.googleusercontent.com/p/AF1QipMa15ZxfRync8xOFM7J2Uy8qfHfDnAd5Xuz6Mcn=w80-h164-k-no;0852-7820-3165
https://www.google.com/maps/place/Natasha+Optik/data=!4m7!3m6!1s0x2e69c5a0f1bd369b:0xb29208038e8755f7!8m2!3d-6.5702429!4d106.7985095!16s%2Fg%2F11gxrht4kv!19sChIJmza98aDFaS4R91WHjgMIkrI?authuser=0&hl=id&rclk=1;Natasha Optik;5,0;(1);Toko Optik;Jl Pemuda No 43A & 43B, RT.01/RW.06;Tutup;https://lh5.googleusercontent.com/p/AF1QipPR8B6qBXw4KDHylA8cYue6bzPY1_cmmWy5UDct=w80-h106-k-no;0878-8590-0809
https://www.google.com/maps/place/Optik+Sehati/data=!4m7!3m6!1s0x2e69dbdfa5f6b1fd:0x193d58a0f660edab!8m2!3d-6.5743714!4d106.6314866!16s%2Fg%2F11b6dfkh9v!19sChIJ_bH2pd_baS4Rq-1g9qBYPRk?authuser=0&hl=id&rclk=1;Optik Sehati;5,0;(2);Toko Optik;Jl. Raya Leuwiliang No.21;Tutup;https://lh5.googleusercontent.com/p/AF1QipOKfFAdI5O8_vJYHXX5uhpdvfbCLTbmpEc5N_I=w163-h92-k-no;0813-1583-8929
https://www.google.com/maps/place/Optik+Express/data=!4m7!3m6!1s0x2e69c237d265377d:0x59659fc3a6fae5ac!8m2!3d-6.4970254!4d106.7949213!16s%2Fg%2F11bzt95jx0!19sChIJfTdl0jfCaS4RrOX6psOfZVk?authuser=0&hl=id&rclk=1;Optik Express;4,6;(32);Toko Optik;Jl. Raya Bojong Gede;Tutup;https://lh5.googleusercontent.com/p/AF1QipNQu9zOmmGmMP9-nrkUpfnaLOn4fHFtjZt-Xser=w122-h92-k-no;0812-8806-3742
https://www.google.com/maps/place/Optik+Seis+-+AEON+Mall+Sentul+City/data=!4m7!3m6!1s0x2e69c73384f6715b:0x699bd21f61f4cd7c!8m2!3d-6.5668588!4d106.8583837!16s%2Fg%2F11p00vz0yj!19sChIJW3H2hDPHaS4RfM30YR_Sm2k?authuser=0&hl=id&rclk=1;Optik Seis - AEON Mall Sentul City;4,9;(128);Toko Optik;Jl. MH. Thamrin;Tutup;;(021) 87965151
https://www.google.com/maps/place/Optik+Tajur/data=!4m7!3m6!1s0x2e69c9ab40ca4f37:0xf9c8f1fad93945b5!8m2!3d-6.6386387!4d106.8326456!16s%2Fg%2F11gxslfb89!19sChIJN0_KQKvJaS4RtUU52frxyPk?authuser=0&hl=id&rclk=1;Optik Tajur;4,3;(8);Toko Optik;Jl. Raya Tajur No.23;Tutup;;0812-8456-5578
https://www.google.com/maps/place/Optik+vioneer/data=!4m7!3m6!1s0x2e69c9b7425ca413:0xe1673a2163007fe8!8m2!3d-6.632062!4d106.8339981!16s%2Fg%2F11t73j67hx!19sChIJE6RcQrfJaS4R6H8AYyE6Z-E?authuser=0&hl=id&rclk=1;Optik vioneer;5,0;(19);Toko Optik;9R9M+5HH, Jl. Bendungan Katulampa, RT.03/RW.19;Tutup;;0857-1191-0004
https://www.google.com/maps/place/Erfan+Optik/data=!4m7!3m6!1s0x2e69c5556d6622a9:0x31e6af6cdf5f13d4!8m2!3d-6.6049654!4d106.7919625!16s%2Fg%2F11gxthzts4!19sChIJqSJmbVXFaS4R1BNf32yv5jE?authuser=0&hl=id&rclk=1;Erfan Optik;5,0;(1);Grosir optik;Jl. Aria Suriawinata Jl. Pancasan No.12D, RT.01/RW.07;Tutup;;(0251) 8386293
https://www.google.com/maps/place/D%27Nasty+KACAMATA/data=!4m7!3m6!1s0x2e69c54073866b71:0xdbcb067bcf97302d!8m2!3d-6.6154454!4d106.785134!16s%2Fg%2F11fhzhz478!19sChIJcWuGc0DFaS4RLTCXz3sGy9s?authuser=0&hl=id&rclk=1;D'Nasty KACAMATA;;;Toko Optik;Gg. Emad No.1, RT.03/RW.05;Tutup;;0822-5885-8176
https://www.google.com/maps/place/Java+Optik/data=!4m7!3m6!1s0x2e69c529c2714161:0xab92af303fc244cc!8m2!3d-6.5967536!4d106.779253!16s%2Fg%2F11h1rjtx40!19sChIJYUFxwinFaS4RzETCPzCvkqs?authuser=0&hl=id&rclk=1;Java Optik;4,2;(9);Toko Optik;Jl. Re. Abdullah No.1A, RT.02/RW.01;Tutup;;0852-1151-9401
https://www.google.com/maps/place/Optik+Internasional/data=!4m7!3m6!1s0x2e69c5ea676676cd:0x3207d99098860102!8m2!3d-6.6089722!4d106.7976962!16s%2Fg%2F11f03llxlr!19sChIJzXZmZ-rFaS4RAgGGmJDZBzI?authuser=0&hl=id&rclk=1;Optik Internasional;4,4;(14);Toko Optik;Jl. Pahlawan No.35H;Tutup;;(0251) 7568300
https://www.google.com/maps/place/OPTIK+MAESTRO/data=!4m7!3m6!1s0x2e69c3ee81021dd9:0xc438191be593ef53!8m2!3d-6.5329986!4d106.8002874!16s%2Fg%2F11bz_4b2cv!19sChIJ2R0Cge7DaS4RU--T5RsZOMQ?authuser=0&hl=id&rclk=1;OPTIK MAESTRO;4,0;(10);Toko Optik;Jl. St. Cilebut No.RT02/03 No.26;Tutup;;0817-9102-580
https://www.google.com/maps/place/OPTIK+BERKAT/data=!4m7!3m6!1s0x2e69c57429e33acb:0x6285f68b25fece8b!8m2!3d-6.5912818!4d106.7924929!16s%2Fg%2F11s__tkkgd!19sChIJyzrjKXTFaS4Ri87-JYv2hWI?authuser=0&hl=id&rclk=1;OPTIK BERKAT;5,0;(3);Toko Optik;Pasar Kebon Kembang Blok CD Lt. Dasar No 41 Pasar Anyar, RT.04/RW.06;Tutup;;0819-3223-3349
https://www.google.com/maps/place/Dunia+Kacamata/data=!4m7!3m6!1s0x2e69c5c0f26ab147:0xa63f3d20bb90e125!8m2!3d-6.5926154!4d106.7964987!16s%2Fg%2F1hm2w30sl!19sChIJR7Fq8sDFaS4RJeGQuyA9P6Y?authuser=0&hl=id&rclk=1;Dunia Kacamata;4,0;(1);Toko Optik;Jl. Ir. H. Juanda No.2 Lantai UG A9 1;Tutup;;0859-2512-6689
https://www.google.com/maps/place/Outlet+Pislon+Optik/data=!4m7!3m6!1s0x2e69c5fdaebb28e7:0x82cea00dc4260b0a!8m2!3d-6.6200442!4d106.8141995!16s%2Fg%2F1pzv9pq3b!19sChIJ5yi7rv3FaS4RCgsmxA2gzoI?authuser=0&hl=id&rclk=1;Outlet Pislon Optik;;;Toko Optik;Jl. Siliwangi No.164, RT.07/RW.02;;;(0251) 8362926
https://www.google.com/maps/place/Vision+Optik/data=!4m7!3m6!1s0x2e69c46c77d6aab5:0xfe28b6693eae1e66!8m2!3d-6.5615809!4d106.7904409!16s%2Fg%2F11csb1pd57!19sChIJtarWd2zEaS4RZh6uPmm2KP4?authuser=0&hl=id&rclk=1;Vision Optik;3,0;(2);Toko Optik;Ruko Yogya Plaza Indah Jalan Raya Baru, Jl. Kedung Badak No.5 Blok C, RT.04/RW.09;Tutup;;(0251) 8310164
https://www.google.com/maps/place/Optik+Diana/data=!4m7!3m6!1s0x2e69c5b1682b6197:0x6b1364f84ad958f4!8m2!3d-6.593176!4d106.7867825!16s%2Fg%2F11b6dp_yvz!19sChIJl2EraLHFaS4R9FjZSvhkE2s?authuser=0&hl=id&rclk=1;Optik Diana;5,0;(7);Toko Optik;Gd Pusat Grosir Bogor, Blok DSS, Jalan Perintis Kemerdekaan No.10, Kebon Kelapa, Bogor Tengah, RT.05/RW.03;Buka;;0812-8334-4944
https://www.google.com/maps/place/Optik+Kayumanis+-+Kacamata+Bogor/data=!4m7!3m6!1s0x2e69c354c994cf9f:0x17ac878d24bdc21b!8m2!3d-6.5246126!4d106.7696559!16s%2Fg%2F11sx31cxtk!19sChIJn8-UyVTDaS4RG8K9JI2HrBc?authuser=0&hl=id&rclk=1;Optik Kayumanis - Kacamata Bogor;5,0;(3);Toko Optik;Perum. Bukit, Jl. Kenanga Raya No.8, RT.03/RW.12;;;0817-160-196
https://www.google.com/maps/place/Indah+optik/data=!4m7!3m6!1s0x2e69c3a490237925:0x98b32b81a9d27f22!8m2!3d-6.530911!4d106.796604!16s%2Fg%2F11fslk539x!19sChIJJXkjkKTDaS4RIn_SqYErs5g?authuser=0&hl=id&rclk=1;Indah optik;4,2;(5);Toko Optik;Jl. Pendidikan No.49-45;Tutup;;0821-1193-7921
https://www.google.com/maps/place/OPTIK+NIKIMAWON/data=!4m7!3m6!1s0x2e69c3a3dd54f033:0xff3975672428ecc2!8m2!3d-6.5214063!4d106.7772467!16s%2Fg%2F11f50s88g4!19sChIJM_BU3aPDaS4RwuwoJGd1Of8?authuser=0&hl=id&rclk=1;OPTIK NIKIMAWON;5,0;(35);Toko Optik;dekat RED BOX, Sa'ayani, Jl. Kh. Ahmad Sya'yani, RT.03/RW.07;Tutup;;0813-8277-8212
https://www.google.com/maps/place/Cimanggu+Optical/data=!4m7!3m6!1s0x2e69c443fa2ddd3f:0xdeba31d64505ea62!8m2!3d-6.5731671!4d106.7803316!16s%2Fg%2F11cs4gvjyx!19sChIJP90t-kPEaS4RYuoFRdYxut4?authuser=0&hl=id&rclk=1;Cimanggu Optical;4,8;(4);Toko Optik;Jl. Cilendek Timur Raya No.10, RT.04/RW.08;Tutup;;0821-1158-2666
https://www.google.com/maps/place/Optik+Kayumanis+Taman+Yasmin/data=!4m7!3m6!1s0x2e69c5dd3a0c6e97:0x36c8116b6397b16!8m2!3d-6.5580413!4d106.7718541!16s%2Fg%2F11j7xwc8gw!19sChIJl24MOt3FaS4RFns5thaBbAM?authuser=0&hl=id&rclk=1;Optik Kayumanis Taman Yasmin;5,0;(178);Toko Optik;Taman Yasmin, Lantai 2, RT.09/RW.08;Tutup;;
https://www.google.com/maps/place/Optik+Dewi/data=!4m7!3m6!1s0x2e69c7b08924c7a9:0xd6087700edf67548!8m2!3d-6.5525057!4d106.8248093!16s%2Fg%2F11h4_cxb9k!19sChIJqcckibDHaS4RSHX27QB3CNY?authuser=0&hl=id&rclk=1;Optik Dewi;;;Grosir optik;Jl. Pangeran Sogiri, H3/10B, RT.02/RW.09;Tutup;;0823-2941-1679
https://www.google.com/maps/place/OPTIK+INTERNASIONAL+BOGOR+1/data=!4m7!3m6!1s0x2e69c5b7172baa7f:0xaaec53c22a29bd4f!8m2!3d-6.615407!4d106.808481!16s%2Fg%2F11jmzhcmf3!19sChIJf6orF7fFaS4RT70pKsJT7Ko?authuser=0&hl=id&rclk=1;OPTIK INTERNASIONAL BOGOR 1;5,0;(1);Toko Optik;LIPPO PLAZA Ekalokasari Lt. UG Kios no. 21, Jl. Siliwangi No.123, RT.01/RW.13;;;0888-5526-526
https://www.google.com/maps/place/Optik+Melawai+-+Transmart+Yasmin+Bogor/data=!4m7!3m6!1s0x2e69c5eb70bdb641:0x650e107322e2deed!8m2!3d-6.5563307!4d106.7755351!16s%2Fg%2F11j20xplnc!19sChIJQba9cOvFaS4R7d7iInMQDmU?authuser=0&hl=id&rclk=1;Optik Melawai - Transmart Yasmin Bogor;4,6;(11);Toko Optik;Transmart Yasmin LT. GF Unit 16 Jl. KH. R. Abdulah Bin Nuh, RT.05/RW.04;Tutup;;0815-1927-8840
https://www.google.com/maps/place/OPTIK+JIHAN/data=!4m7!3m6!1s0x2e69c5c4b01670b1:0xef522828ca772792!8m2!3d-6.5914146!4d106.7924865!16s%2Fg%2F11tn59lzvz!19sChIJsXAWsMTFaS4Rkid3yigoUu8?authuser=0&hl=id&rclk=1;OPTIK JIHAN;5,0;(2);Toko Optik;Jl. Dewi Sartika No.43, RT.04/RW.06;;;
https://www.google.com/maps/place/Devyan+Optik/data=!4m7!3m6!1s0x2e69c407d4f042eb:0xad5892ca441a1322!8m2!3d-6.5480142!4d106.8062638!16s%2Fg%2F11f_kmybrt!19sChIJ60Lw1AfEaS4RIhMaRMqSWK0?authuser=0&hl=id&rclk=1;Devyan Optik;5,0;(27);Toko Optik;Jl. Raya Pemda Pangkalan II No.9;Tutup;;0896-3560-9998
https://www.google.com/maps/place/Optik+Ramadhan/data=!4m7!3m6!1s0x2e69c5c15b61578b:0x48a05d269bf66!8m2!3d-6.6032896!4d106.7987398!16s%2Fg%2F11h13256c!19sChIJi1dhW8HFaS4RZr9p0gWKBAA?authuser=0&hl=id&rclk=1;Optik Ramadhan;4,5;(8);Toko Optik;Jl. Suryakencana No.4, RT.01/RW.01;Tutup;;(0251) 343862
https://www.google.com/maps/place/Optik+Mata/data=!4m7!3m6!1s0x2e69c54eaf951613:0x2bb0944c0e75d568!8m2!3d-6.6048175!4d106.7958888!16s%2Fg%2F11h21_cl1n!19sChIJExaVr07FaS4RaNV1DkyUsCs?authuser=0&hl=id&rclk=1;Optik Mata;;;Toko Optik;Bogor Trade Mall, Jl. R. Saleh S. Bustaman No.008, RT.01/RW.13;Tutup;;0856-0857-0900
https://www.google.com/maps/place/SATURDAYS+Optik+Botani+Square/data=!4m7!3m6!1s0x2e69c5290a1cead1:0xfdb0cddcd0dde5a7!8m2!3d-6.601349!4d106.8076119!16s%2Fg%2F11stp2sqx6!19sChIJ0eocCinFaS4Rp-Xd0NzNsP0?authuser=0&hl=id&rclk=1;SATURDAYS Optik Botani Square;5,0;(14);Toko Optik;Botani Square Bogor, Jl. Raya Pajajaran No.40 GF-48;Tutup;;0877-4955-2544
https://www.google.com/maps/place/A.+Kasoem+Cikini+Optikal/data=!4m7!3m6!1s0x2e69c5c4acb596ab:0x1c415538862d56b8!8m2!3d-6.601891!4d106.806023!16s%2Fg%2F12jsl59z_!19sChIJq5a1rMTFaS4RuFYthjhVQRw?authuser=0&hl=id&rclk=1;A. Kasoem Cikini Optikal;3,8;(5);Toko Optik;9RX4+6CR, Jl. Pajajaran - Baranangsiang, Botani Square, RT.04/RW.05;Tutup;;(0251) 8400772
https://www.google.com/maps/place/Jm+Top+Optical/data=!4m7!3m6!1s0x2e69c5db519522cd:0x8c68077d77138c96!8m2!3d-6.6012718!4d106.8071548!16s%2Fg%2F1hf001sgm!19sChIJzSKVUdvFaS4RlowTd30HaIw?authuser=0&hl=id&rclk=1;Jm Top Optical;4,8;(4);Toko Optik;Botani Square Lt. 1, RT.04/RW.05;Tutup;;(0251) 8400693
https://www.google.com/maps/place/Optik+Amanda/data=!4m7!3m6!1s0x2e69c584dcf8534d:0x45997562e188f39f!8m2!3d-6.5626913!4d106.7771948!16s%2Fg%2F11sy_r5x49!19sChIJTVP43ITFaS4Rn_OI4WJ1mUU?authuser=0&hl=id&rclk=1;Optik Amanda;5,0;(15);Toko;Jl. Palem 1 No.9 Blok S1, RT.01/RW.11;Tutup;;0877-7071-7268
https://www.google.com/maps/place/Optik+Avicena+%28+Kacamata+%26+Softlens+%29/data=!4m7!3m6!1s0x2e69c5f8e3febb37:0x396754548090fdf7!8m2!3d-6.620212!4d106.8143765!16s%2Fg%2F11gfd2hn1r!19sChIJN7v-4_jFaS4R9_2QgFRUZzk?authuser=0&hl=id&rclk=1;Optik Avicena ( Kacamata & Softlens );4,9;(9);Toko Optik;Jl. Lawang Gintung Rt03, RT.04/RW.03;Tutup;;0812-1327-8214
https://www.google.com/maps/place/Optik+Rama/data=!4m7!3m6!1s0x2e69c50fd998f8d3:0x69bc8868fa9e775!8m2!3d-6.60053!4d106.7591264!16s%2Fg%2F11c2nk2fk9!19sChIJ0_iY2Q_FaS4Rdeepj4bImwY?authuser=0&hl=id&rclk=1;Optik Rama;5,0;(3);Toko Optik;Jl. Raya Taman Pagelaran No.Desa;Tutup;;0856-9312-1149
https://www.google.com/maps/place/Black+And+White+Optic/data=!4m7!3m6!1s0x2e69c5c0ede29ce9:0x52a388680783731f!8m2!3d-6.60485!4d106.7958739!16s%2Fg%2F1hm5zfrhl!19sChIJ6Zzi7cDFaS4RH3ODB2iIo1I?authuser=0&hl=id&rclk=1;Black And White Optic;5,0;(1);Toko Optik;Bogor Trade Mall, Jl. Ir. H. Juanda No.5, RT.01/RW.13;Tutup;;(0251) 8401326
https://www.google.com/maps/place/Natasha+Optik/data=!4m7!3m6!1s0x2e69c5a0f1bd369b:0xb29208038e8755f7!8m2!3d-6.5702429!4d106.7985095!16s%2Fg%2F11gxrht4kv!19sChIJmza98aDFaS4R91WHjgMIkrI?authuser=0&hl=id&rclk=1;Natasha Optik;5,0;(1);Toko Optik;Jl Pemuda No 43A & 43B, RT.01/RW.06;Tutup;;0878-8590-0809
https://www.google.com/maps/place/D%27Nasty+KACAMATA/data=!4m7!3m6!1s0x2e69c54073866b71:0xdbcb067bcf97302d!8m2!3d-6.6154454!4d106.785134!16s%2Fg%2F11fhzhz478!19sChIJcWuGc0DFaS4RLTCXz3sGy9s?authuser=0&hl=id&rclk=1;D'Nasty KACAMATA;;;Toko Optik;Gg. Emad No.1, RT.03/RW.05;Tutup;;0822-5885-8176
https://www.google.com/maps/place/Kodir+Optik/data=!4m7!3m6!1s0x2e69c4884de447fb:0xec9c331d2d156a3d!8m2!3d-6.5595908!4d106.7684972!16s%2Fg%2F11fyx9blg8!19sChIJ-0fkTYjEaS4RPWoVLR0znOw?authuser=0&hl=id&rclk=1;Kodir Optik;5,0;(1);Toko Optik;CQR9+599, RT.01/RW.10;Tutup;;
https://www.google.com/maps/place/KACAMATAMOO+CIOMAS/data=!4m7!3m6!1s0x2e69c5b17fcaf261:0x93e41f40d3b6dba4!8m2!3d-6.6012923!4d106.7796067!16s%2Fg%2F11sbtmnqcg!19sChIJYfLKf7HFaS4RpNu200Af5JM?authuser=0&hl=id&rclk=1;KACAMATAMOO CIOMAS;5,0;(544);Toko Kacamata Hitam;Jl. Aria Surialaga No.6a;Tutup;;0859-4369-0274
https://www.google.com/maps/place/Optik+Melawai+-+Lippo+Plaza+Ekalokasari/data=!4m7!3m6!1s0x2e69c5e863e179ed:0x71cdaf1e77c60498!8m2!3d-6.6218303!4d106.8176636!16s%2Fg%2F12q4wcf2s!19sChIJ7XnhY-jFaS4RmATGdx6vzXE?authuser=0&hl=id&rclk=1;Optik Melawai - Lippo Plaza Ekalokasari;4,3;(32);Toko Optik;Lippo Plaza Ekalokasari Lt. Dasar Unit G. 36, Jl. Siliwangi No.123, RT.01/RW.01;Tutup;;0855-1837-279
https://www.google.com/maps/place/Optik+Melawai+-+Mall+Boxies+123+Bogor/data=!4m7!3m6!1s0x2e69c9393818cbc7:0xc232dbe68226406f!8m2!3d-6.6340845!4d106.8269319!16s%2Fg%2F11j9dkmr0v!19sChIJx8sYODnJaS4Rb0AmgubbMsI?authuser=0&hl=id&rclk=1;Optik Melawai - Mall Boxies 123 Bogor;5,0;(2);Toko Optik;Boxies 123 Mall, Jl. Raya Tajur No.123 Lt. 1 No. 10, RT.001/RW.006;Tutup;;0815-1046-5537
https://www.google.com/maps/place/Optik+I+%26+U/data=!4m7!3m6!1s0x2e69c2ac3186f575:0xbfb701049831ccdc!8m2!3d-6.4735759!4d106.728535!16s%2Fg%2F11cs0b4p6y!19sChIJdfWGMazCaS4R3MwxmAQBt78?authuser=0&hl=id&rclk=1;Optik I & U;4,5;(20);Toko Optik;Ruko Zona Madina, Jl. Raya Parung;Tutup;;0812-1179-4996
https://www.google.com/maps/place/OPTIK+SEHATI+BARU+DRAMAGA/data=!4m7!3m6!1s0x2e69c54920d56f2b:0xa44e91e74104bc9c!8m2!3d-6.5634644!4d106.7331674!16s%2Fg%2F11rgrs283n!19sChIJK2_VIEnFaS4RnLwEQeeRTqQ?authuser=0&hl=id&rclk=1;OPTIK SEHATI BARU DRAMAGA;2,0;(2);Toko Optik;Jl. Raya Dramaga No.37;Buka 24 jam;;
https://www.google.com/maps/place/Optik+Siloam/data=!4m7!3m6!1s0x2e69c58c758c0687:0x20a01be8ced2e4c2!8m2!3d-6.5922107!4d106.8048156!16s%2Fg%2F11fjx7mldv!19sChIJhwaMdYzFaS4RwuTSzugboCA?authuser=0&hl=id&rclk=1;Optik Siloam;4,4;(5);Toko Optik;Botani square, Jl. Raya Pajajaran, RT.03/RW.01;Buka 24 jam;;(0251) 8400826
https://www.google.com/maps/place/Optik+Diana/data=!4m7!3m6!1s0x2e69c5b1682b6197:0x6b1364f84ad958f4!8m2!3d-6.593176!4d106.7867825!16s%2Fg%2F11b6dp_yvz!19sChIJl2EraLHFaS4R9FjZSvhkE2s?authuser=0&hl=id&rclk=1;Optik Diana;5,0;(7);Toko Optik;Gd Pusat Grosir Bogor, Blok DSS, Jalan Perintis Kemerdekaan No.10, Kebon Kelapa, Bogor Tengah, RT.05/RW.03;Buka;;0812-8334-4944
https://www.google.com/maps/place/CV.+Bogor+Optikal/data=!4m7!3m6!1s0x2e69c5b595ece2d3:0xb348f4f39516e83f!8m2!3d-6.5912194!4d106.7928411!16s%2Fg%2F11h18dgj6!19sChIJ0-LslbXFaS4RP-gWlfP0SLM?authuser=0&hl=id&rclk=1;CV. Bogor Optikal;4,9;(8);Toko Optik;Jl. Dewi Sartika No.44, RT.04/RW.06;Buka;;(0251) 8324177
https://www.google.com/maps/place/Optik+Sehati/data=!4m7!3m6!1s0x2e69c5ecc7646aff:0xd182880bef1ade16!8m2!3d-6.5928159!4d106.79216!16s%2Fg%2F11pr23cyw8!19sChIJ_2pkx-zFaS4RFt4a7wuIgtE?authuser=0&hl=id&rclk=1;Optik Sehati;;;Toko Optik;CQ4R+VVF, RT.04/RW.06;Buka;;
https://www.google.com/maps/place/Optik+Union/data=!4m7!3m6!1s0x2e69c506cccc2d5f:0x85bff1053e5df7c5!8m2!3d-6.5739107!4d106.7605299!16s%2Fg%2F11pcrnlrbt!19sChIJXy3MzAbFaS4RxfddPgXxv4U?authuser=0&hl=id&rclk=1;Optik Union;5,0;(4);Toko Optik;Jl. Sindang Barang Pilar 1 No.104, RT.03/RW.06;;;
https://www.google.com/maps/place/Optik+Sejati/data=!4m7!3m6!1s0x2e69c49a2334001f:0xb0651b077159324e!8m2!3d-6.556316!4d106.7536238!16s%2Fg%2F11t28d4p2n!19sChIJHwA0I5rEaS4RTjJZcQcbZbA?authuser=0&hl=id&rclk=1;Optik Sejati;5,0;(1);Toko Optik;Jl. Sbjcifor No.14, RT.01/RW.04;;;
https://www.google.com/maps/place/Toko+Kacamata+Grand+Optik/data=!4m7!3m6!1s0x2e69c5b5a5474d7d:0x8af22e059765d164!8m2!3d-6.5904974!4d106.7921177!16s%2Fg%2F11c2l0c1g2!19sChIJfU1HpbXFaS4RZNFllwUu8oo?authuser=0&hl=id&rclk=1;Toko Kacamata Grand Optik;5,0;(5);Toko Optik;Dewi Sartika Plaza Ground Floor Blok A No.21, RT.05/RW.06;;;0858-8833-3405
https://www.google.com/maps/place/Optik+Raya/data=!4m7!3m6!1s0x2e69c4b1c55c2d07:0x1a661750110c2cac!8m2!3d-6.5592503!4d106.7314721!16s%2Fg%2F11bc7slc3b!19sChIJBy1cxbHEaS4RrCwMEVAXZho?authuser=0&hl=id&rclk=1;Optik Raya;4,0;(4);Toko Optik;Jl. Babakan Raya No.110;Tutup;;0822-1013-8131
https://www.google.com/maps/place/OPTIK+MENTARI+BOGOR/data=!4m7!3m6!1s0x2e69c4ef17e9f2fb:0x483a0510890ce577!8m2!3d-6.5763798!4d106.7544179!16s%2Fg%2F11g6mrbkq1!19sChIJ-_LpF-_EaS4Rd-UMiRAFOkg?authuser=0&hl=id&rclk=1;OPTIK MENTARI BOGOR;4,8;(12);Toko Optik;Jl. Sindang Barang Pengkolan jembatan No.458b;Tutup;;0858-9001-7982
https://www.google.com/maps/place/Green+Optik/data=!4m7!3m6!1s0x2e69c4c1929c14d3:0x7357d62c4d2009a8!8m2!3d-6.5726845!4d106.7454484!16s%2Fg%2F11b6df9fdf!19sChIJ0xScksHEaS4RqAkgTSzWV3M?authuser=0&hl=id&rclk=1;Green Optik;4,4;(18);Toko Optik;Jl. Raya Dramaga No.70, RT.03/RW.02;Tutup;;0851-0029-5811
https://www.google.com/maps/place/Optik+Seis+-+Bogor+Indah+Plaza/data=!4m7!3m6!1s0x2e69c46c775cbde9:0x91186ed35af5ae5!8m2!3d-6.5615313!4d106.7904185!16s%2Fg%2F1ptzvtx12!19sChIJ6b1cd2zEaS4R5VqvNe2GEQk?authuser=0&hl=id&rclk=1;Optik Seis - Bogor Indah Plaza;4,8;(85);Toko Optik;Bogor Indah Plaza, 1st Floor, Blok I-2, Jl. Seremped Wetan, RT.04/RW.09;Tutup;;(0251) 8382036
https://www.google.com/maps/place/Indonesia+Optical/data=!4m7!3m6!1s0x2e69c5b4234c6cdf:0xf138ae613b5ae47c!8m2!3d-6.5918368!4d106.7901721!16s%2Fg%2F11p65qxrfx!19sChIJ32xMI7TFaS4RfORaO2GuOPE?authuser=0&hl=id&rclk=1;Indonesia Optical;;;Toko Optik;Jl. Mayor Oking No.47D, RT.04/RW.06;;;
https://www.google.com/maps/place/Ziqo+optik/data=!4m7!3m6!1s0x2e69c5d945efec57:0x5be29a2b85534c90!8m2!3d-6.5814896!4d106.7962677!16s%2Fg%2F11rfd6psrz!19sChIJV-zvRdnFaS4RkExThSua4ls?authuser=0&hl=id&rclk=1;Ziqo optik;2,0;(1);Toko Optik;Jl. Re. Martadinata No.57, RT.03/RW.05;;;
https://www.google.com/maps/place/OPTIK+JIHAN/data=!4m7!3m6!1s0x2e69c5c4b01670b1:0xef522828ca772792!8m2!3d-6.5914146!4d106.7924865!16s%2Fg%2F11tn59lzvz!19sChIJsXAWsMTFaS4Rkid3yigoUu8?authuser=0&hl=id&rclk=1;OPTIK JIHAN;5,0;(2);Toko Optik;Jl. Dewi Sartika No.43, RT.04/RW.06;;;
https://www.google.com/maps/place/Optik+Neo+-+Bogor+Junction/data=!4m7!3m6!1s0x2e69c56a61a742bf:0xb1ee83ee57868028!8m2!3d-6.5887119!4d106.7969561!16s%2Fg%2F11l3lt7vwv!19sChIJv0KnYWrFaS4RKICGV-6D7rE?authuser=0&hl=id&rclk=1;Optik Neo - Bogor Junction;5,0;(197);Toko Optik;Yogya Bogor Junction, Jl. Jend. Sudirman No.11-13 Lt. Dasar, RT.01/RW.03;Tutup;;0812-1080-1070
https://www.google.com/maps/place/Optik+Gaul/data=!4m7!3m6!1s0x2e69c5c0f26ab147:0x9f92f782e7e097d6!8m2!3d-6.60464!4d106.79599!16s%2Fg%2F1hm38221n!19sChIJR7Fq8sDFaS4R1pfg54L3kp8?authuser=0&hl=id&rclk=1;Optik Gaul;;;Toko Optik;Jl. Ir. H. Juanda No.64, RT.01/RW.13;;;
https://www.google.com/maps/place/Optik+Ary+Jumindo+Pgb/data=!4m7!3m6!1s0x2e69c5dbd5f3158b:0x712e91663193c0d9!8m2!3d-6.5934564!4d106.7877129!16s%2Fg%2F11sh6_hmq5!19sChIJixXz1dvFaS4R2cCTMWaRLnE?authuser=0&hl=id&rclk=1;Optik Ary Jumindo Pgb;1,0;(2);Toko Optik;CQ4Q+J38, Jl. Merdeka, RT.03/RW.07;;;
https://www.google.com/maps/place/Focus+Optik/data=!4m7!3m6!1s0x2e69c4f4aca086d1:0xb82cf2d8237299c8!8m2!3d-6.5678002!4d106.7651495!16s%2Fg%2F11bz_4mllp!19sChIJ0YagrPTEaS4RyJlyI9jyLLg?authuser=0&hl=id&rclk=1;Focus Optik;4,9;(23);Toko Optik;Jl. Brigjen Saptadji Hadiprawira No.1, RT.03/RW.13;Tutup;;
https://www.google.com/maps/place/Optik+Sarimbit+2/data=!4m7!3m6!1s0x2e69c5e4c3c1ce85:0xd7cc9967bfc2e275!8m2!3d-6.580489!4d106.7789559!16s%2Fg%2F11hzsmzqkr!19sChIJhc7Bw-TFaS4RdeLCv2eZzNc?authuser=0&hl=id&rclk=1;Optik Sarimbit 2;5,0;(2);Toko Optik;Jl. DR. Sumeru No.120, RT.02/RW.09;Tutup;;0822-9957-1956
https://www.google.com/maps/place/Optik+Seis+-+Lippo+Plaza+Bogor+Ekalokasari/data=!4m7!3m6!1s0x2e69c5fdf7ccaa91:0xa69e5593c8ac859a!8m2!3d-6.6216495!4d106.8177688!16s%2Fg%2F11f3wl0f_q!19sChIJkarM9_3FaS4RmoWsyJNVnqY?authuser=0&hl=id&rclk=1;Optik Seis - Lippo Plaza Bogor Ekalokasari;4,8;(45);Toko Optik;Jl. Siliwangi No.123 Lantai 1, RT.01/RW.01;Tutup;;(0251) 8362927
https://www.google.com/maps/place/Optik+Oke/data=!4m7!3m6!1s0x2e69c5bbb09489a9:0xbcb504ecce0196cb!8m2!3d-6.5713407!4d106.7879012!16s%2Fg%2F11v3z5g05v!19sChIJqYmUsLvFaS4Ry5YBzuwEtbw?authuser=0&hl=id&rclk=1;Optik Oke;;;Toko Optik;Jl. Tentara Pelajar No.15, RT.02/RW.07;Tutup;;0811-1075-251
https://www.google.com/maps/place/Optik+Tunggal+Botani+Square+Bogor/data=!4m7!3m6!1s0x2e69c5db519522cd:0x997b7b3b56f57b27!8m2!3d-6.611292!4d106.8127337!16s%2Fg%2F11b6d3j85r!19sChIJzSKVUdvFaS4RJ3v1Vjt7e5k?authuser=0&hl=id&rclk=1;Optik Tunggal Botani Square Bogor;4,9;(34);Toko Optik;Botani Square Bogor Jalan Raya Pajajaran No.69-71, Lantai GF 22-23, RT.04/RW.05;Tutup;;0811-8109-488
https://www.google.com/maps/place/Bio+Optik/data=!4m7!3m6!1s0x2e69c46c62c09325:0xa5efcea49e4c3a7c!8m2!3d-6.5608931!4d106.7912232!16s%2Fg%2F11f9j0zsq2!19sChIJJZPAYmzEaS4RfDpMnqTO76U?authuser=0&hl=id&rclk=1;Bio Optik;4,3;(15);Toko Optik;Ruko, Jl. Sholeh Iskandar No.1, RT.02/RW.10;Tutup;;0852-1905-2145
https://www.google.com/maps/place/Ludhiana+Optik/data=!4m7!3m6!1s0x2e69c5b125ac4dd3:0xa9d1310ff74f798a!8m2!3d-6.5950453!4d106.7875249!16s%2Fg%2F1hm5xm4jk!19sChIJ002sJbHFaS4RinlP9w8x0ak?authuser=0&hl=id&rclk=1;Ludhiana Optik;4,9;(43);Toko Optik;Jl. Perintis Kemerdekaan No.10, RT.04/RW.03;Tutup;;(0251) 8338941
https://www.google.com/maps/place/Optik+Neo+-+Cilendek+Bogor/data=!4m7!3m6!1s0x2e69c5733668c92d:0x6417bd85a12aeea6!8m2!3d-6.5693128!4d106.7666029!16s%2Fg%2F11s5wtq0jy!19sChIJLcloNnPFaS4Rpu4qoYW9F2Q?authuser=0&hl=id&rclk=1;Optik Neo - Cilendek Bogor;5,0;(116);Toko Optik;Ruko Samoraya Residence, Jl. Brigjen Saptadji Hadiprawira No.3, RT.01/RW.07;Tutup;;0877-7107-0168
https://www.google.com/maps/place/Optik+Melawai+-+Botani+Square+Bogor/data=!4m7!3m6!1s0x2e69c5db503c236f:0x82f7569264aeeca3!8m2!3d-6.601295!4d106.8078552!16s%2Fg%2F1tfv7r1x!19sChIJbyM8UNvFaS4Ro-yuZJJW94I?authuser=0&hl=id&rclk=1;Optik Melawai - Botani Square Bogor;3,4;(55);Toko Optik;Botani Square Lt. Dasar Unit G. 81B, Jl. Raya Pajajaran No.40, RT.04/RW.05;Tutup;;(0251) 8400801
https://www.google.com/maps/place/Indonesia+optikal/data=!4m7!3m6!1s0x2e69c5c0b72bb7d9:0xe3895fe1ff52eead!8m2!3d-6.5680656!4d106.7932309!16s%2Fg%2F11r9tb8jvp!19sChIJ2bcrt8DFaS4Rre5S_-FfieM?authuser=0&hl=id&rclk=1;Indonesia optikal;4,9;(40);Toko Optik;Jl. Cimanggu Barata Samping Gg H siddik II No.18, RT.07/RW.09;Tutup;;
https://www.google.com/maps/place/Optik+Kayumanis+Plaza+Jambu+Dua+lantai+Semidasar+blok+A4+no+2,+gang+ke+2+dibawah+tangga+utama/data=!4m7!3m6!1s0x2e69c57dd4c3aa7f:0xb10b81f494b4fd2b!8m2!3d-6.5693009!4d106.808221!16s%2Fg%2F11fhz6cg80!19sChIJf6rD1H3FaS4RK_20lPSBC7E?authuser=0&hl=id&rclk=1;Optik Kayumanis Plaza Jambu Dua lantai Semidasar blok A4 no 2, gang ke 2 dibawah tangga utama;5,0;(125);Toko Optik;Plaza Jambu Dua, Blk. B No.50 Lantai Dasar, RT.01/RW.06;Tutup;;0817-160-196
https://www.google.com/maps/place/OPTIK+SEHATI+BARU+DRAMAGA/data=!4m7!3m6!1s0x2e69c54920d56f2b:0xa44e91e74104bc9c!8m2!3d-6.5634644!4d106.7331674!16s%2Fg%2F11rgrs283n!19sChIJK2_VIEnFaS4RnLwEQeeRTqQ?authuser=0&hl=id&rclk=1;OPTIK SEHATI BARU DRAMAGA;2,0;(2);Toko Optik;Jl. Raya Dramaga No.37;Buka 24 jam;;
https://www.google.com/maps/place/Optik+Solusi/data=!4m7!3m6!1s0x2e69c5d9025c3fe3:0xf15e4f1268e5beb3!8m2!3d-6.6047885!4d106.7959255!16s%2Fg%2F11h04l9n7_!19sChIJ4z9cAtnFaS4Rs77laBJPXvE?authuser=0&hl=id&rclk=1;Optik Solusi;4,8;(9);Toko Optik;Bogor Trede Mall, Jl. R. Saleh S. Bustaman No.7 Lt. 3 Blok A7, RT.01/RW.13;Tutup;;0812-9692-9877
https://www.google.com/maps/place/Asgar+Optik/data=!4m7!3m6!1s0x2e69c5b5d952c8c3:0x72529be20b5f9288!8m2!3d-6.5924781!4d106.7922888!16s%2Fg%2F11g6xw8g4d!19sChIJw8hS2bXFaS4RiJJfC-KbUnI?authuser=0&hl=id&rclk=1;Asgar Optik;4,7;(43);Toko Optik;pasar anyar kebon kembang blok b2 basement no 27-28, RT.02/RW.01;Tutup;;0813-1983-5770
https://www.google.com/maps/place/Bio+Optik/data=!4m7!3m6!1s0x2e69c59938180f55:0x9da72accad090282!8m2!3d-6.5807367!4d106.8075003!16s%2Fg%2F11k4j1gvb7!19sChIJVQ8YOJnFaS4RggIJrcwqp50?authuser=0&hl=id&rclk=1;Bio Optik;4,8;(36);Toko Optik;Pojok Harmony, Jl. Achmad Sobana Jl. Bangbarung Raya Kios C5;Tutup;;0813-2525-3326
https://www.google.com/maps/place/Optik+Sehati+Dramaga/data=!4m7!3m6!1s0x2e69c4b74a9e5b41:0x2868ba0e3fc89ca6!8m2!3d-6.5634746!4d106.7331884!16s%2Fg%2F11g8lr07hg!19sChIJQVueSrfEaS4RppzIPw66aCg?authuser=0&hl=id&rclk=1;Optik Sehati Dramaga;4,9;(9);Toko Optik;Blok Bara 1, Jl. Babakan - Dramaga Blok Bara 1 No.28;Tutup;;
https://www.google.com/maps/place/optik+sepasang/data=!4m7!3m6!1s0x2e69c50e4b0837cf:0xb231b5c1fa839d7f!8m2!3d-6.6014395!4d106.7605635!16s%2Fg%2F11tn5bcms0!19sChIJzzcISw7FaS4Rf52D-sG1MbI?authuser=0&hl=id&rclk=1;optik sepasang;;;Toko Optik;9QX6+C6G, Jl. Raya Ciomas Kreteg;;;
https://www.google.com/maps/place/OPTIK+EZIA+%28cimanggu%29/data=!4m7!3m6!1s0x2e69c5cefb8dbbbb:0x7bbe0736effd52c8!8m2!3d-6.5571443!4d106.7828135!16s%2Fg%2F11tgb1g5fs!19sChIJu7uN-87FaS4RyFL97zYHvns?authuser=0&hl=id&rclk=1;OPTIK EZIA (cimanggu);5,0;(51);Toko Optik;Jl. Bukit Cimanggu City Raya No.25-21, RT.06/RW.09;Tutup;;0812-2212-7472
https://www.google.com/maps/place/April+Eyewear+Bogor/data=!4m7!3m6!1s0x2e69c556e35d0487:0x9a991095afa89c7!8m2!3d-6.5810401!4d106.8100056!16s%2Fg%2F11vllysnb5!19sChIJhwRd41bFaS4Rx4n6WgmRqQk?authuser=0&hl=id&rclk=1;April Eyewear Bogor;4,9;(88);Toko Optik;Jl. Bangbarung Raya No.29;Tutup;;0812-9510-6006
https://www.google.com/maps/place/Optik+Cibuluh/data=!4m7!3m6!1s0x2e69c544acf21fed:0x94e0eff5679a68b2!8m2!3d-6.5559895!4d106.8166292!16s%2Fg%2F11f7rxsvdd!19sChIJ7R_yrETFaS4RsmiaZ_Xv4JQ?authuser=0&hl=id&rclk=1;Optik Cibuluh;4,9;(10);Toko Optik;Jalan K.S. Tubun No.148/176, RT.03/RW.08;Tutup;;0896-0194-8795
https://www.google.com/maps/place/KajaMata+Bogor/data=!4m7!3m6!1s0x2e69c50bf7b7ce3f:0xc262fcd986405546!8m2!3d-6.5920881!4d106.7880895!16s%2Fg%2F11s20szksz!19sChIJP8639wvFaS4RRlVAhtn8YsI?authuser=0&hl=id&rclk=1;KajaMata Bogor;5,0;(92);Toko Optik;SHU Space, Jl. Merdeka No.78, RT.01/RW02/RW.02;Tutup;;0877-0482-6390
https://www.google.com/maps/place/Optik+Naga+-+Yogya+Dramaga+Bogor/data=!4m7!3m6!1s0x2e69c4c16bfca0d5:0xf62f5acc61baa206!8m2!3d-6.5725042!4d106.7430064!16s%2Fg%2F11dfgwl1fx!19sChIJ1aD8a8HEaS4RBqK6YcxaL_Y?authuser=0&hl=id&rclk=1;Optik Naga - Yogya Dramaga Bogor;4,4;(5);Toko Optik;Km7, Yogya Dramaga, Jl. Raya Dramaga, RT.03/RW.02;Tutup;;0813-1105-5858
https://www.google.com/maps/place/Optik+Dramaga/data=!4m7!3m6!1s0x2e69c4b119b2e84b:0xdb0468c223f87145!8m2!3d-6.5622605!4d106.7317028!16s%2Fg%2F11fzv13zm4!19sChIJS-iyGbHEaS4RRXH4I8JoBNs?authuser=0&hl=id&rclk=1;Optik Dramaga;4,9;(7);Toko Optik;·;Tutup;;0878-9738-9676
https://www.google.com/maps/place/Kodir+Optik/data=!4m7!3m6!1s0x2e69c4884de447fb:0xec9c331d2d156a3d!8m2!3d-6.5595908!4d106.7684972!16s%2Fg%2F11fyx9blg8!19sChIJ-0fkTYjEaS4RPWoVLR0znOw?authuser=0&hl=id&rclk=1;Kodir Optik;5,0;(1);Toko Optik;CQR9+599, RT.01/RW.10;Tutup;;
https://www.google.com/maps/place/KACAMATAMOO+CIOMAS/data=!4m7!3m6!1s0x2e69c5b17fcaf261:0x93e41f40d3b6dba4!8m2!3d-6.6012923!4d106.7796067!16s%2Fg%2F11sbtmnqcg!19sChIJYfLKf7HFaS4RpNu200Af5JM?authuser=0&hl=id&rclk=1;KACAMATAMOO CIOMAS;5,0;(544);Toko Kacamata Hitam;Jl. Aria Surialaga No.6a;Tutup;;0859-4369-0274
https://www.google.com/maps/place/Optik+Melawai+-+Lippo+Plaza+Ekalokasari/data=!4m7!3m6!1s0x2e69c5e863e179ed:0x71cdaf1e77c60498!8m2!3d-6.6218303!4d106.8176636!16s%2Fg%2F12q4wcf2s!19sChIJ7XnhY-jFaS4RmATGdx6vzXE?authuser=0&hl=id&rclk=1;Optik Melawai - Lippo Plaza Ekalokasari;4,3;(32);Toko Optik;Lippo Plaza Ekalokasari Lt. Dasar Unit G. 36, Jl. Siliwangi No.123, RT.01/RW.01;Tutup;;0855-1837-279
https://www.google.com/maps/place/Optik+Melawai+-+Mall+Boxies+123+Bogor/data=!4m7!3m6!1s0x2e69c9393818cbc7:0xc232dbe68226406f!8m2!3d-6.6340845!4d106.8269319!16s%2Fg%2F11j9dkmr0v!19sChIJx8sYODnJaS4Rb0AmgubbMsI?authuser=0&hl=id&rclk=1;Optik Melawai - Mall Boxies 123 Bogor;5,0;(2);Toko Optik;Boxies 123 Mall, Jl. Raya Tajur No.123 Lt. 1 No. 10, RT.001/RW.006;Tutup;;0815-1046-5537
https://www.google.com/maps/place/Optik+I+%26+U/data=!4m7!3m6!1s0x2e69c2ac3186f575:0xbfb701049831ccdc!8m2!3d-6.4735759!4d106.728535!16s%2Fg%2F11cs0b4p6y!19sChIJdfWGMazCaS4R3MwxmAQBt78?authuser=0&hl=id&rclk=1;Optik I & U;4,5;(20);Toko Optik;Ruko Zona Madina, Jl. Raya Parung;Tutup;;0812-1179-4996
https://www.google.com/maps/place/Kacamata+Blushing+Bogor/data=!4m7!3m6!1s0x2e69c729896471bf:0x32805b0d2aacb9fe!8m2!3d-6.5776798!4d106.8183296!16s%2Fg%2F11l_d6l7qc!19sChIJv3FkiSnHaS4R_rmsKg1bgDI?authuser=0&hl=id&rclk=1;Kacamata Blushing Bogor;5,0;(4);Toko Kacamata Hitam;Jl. Pandu Raya Jl. Achmad Adnawijaya No.18, RT.01/RW.05;Tutup;;0896-3393-7409
https://www.google.com/maps/place/Erfan+Optik/data=!4m7!3m6!1s0x2e69c5b0e4c55d83:0x2a697df1e52cc7b7!8m2!3d-6.5959076!4d106.7858611!16s%2Fg%2F11bc7ppmpd!19sChIJg13F5LDFaS4Rt8cs5fF9aSo?authuser=0&hl=id&rclk=1;Erfan Optik;5,0;(1);Grosir optik;Bogor Trade World (BTW) Mall, Jl. Veteran No.27, RT.01/RW.03;Tutup;;(0251) 7562442
https://www.google.com/maps/place/Toko+kacamata+murah/data=!4m7!3m6!1s0x2e69c3f9d67c3027:0x1173f09af86fea72!8m2!3d-6.5411565!4d106.8119959!16s%2Fg%2F11h3bfs0pj!19sChIJJzB81vnDaS4Rcupv-JrwcxE?authuser=0&hl=id&rclk=1;Toko kacamata murah;4,3;(6);Pusat Perbelanjaan;Jl. Perumahan Villa Bogor Indah Blok CC 5 No.36, RT.05/RW.13;Tutup;;0857-7265-4000
https://www.google.com/maps/place/Erfan+Optik/data=!4m7!3m6!1s0x2e69c52065c52557:0xc1fde7a6a1732abd!8m2!3d-6.56918!4d106.8078525!16s%2Fg%2F11h24qxmxh!19sChIJVyXFZSDFaS4RvSpzoabn_cE?authuser=0&hl=id&rclk=1;Erfan Optik;;;Grosir optik;Plaza Jambu Dua Lantai Semi Dasar A2 No. 3, RT.01/RW.06;Tutup;;(0251) 8380016
https://www.google.com/maps/place/PUSAT+KACAMATA+BOGOR/data=!4m7!3m6!1s0x2e69c5a140026ec3:0xb834a2d14186830b!8m2!3d-6.6067804!4d106.7901678!16s%2Fg%2F11kq0ynnpd!19sChIJw24CQKHFaS4RC4OGQdGiNLg?authuser=0&hl=id&rclk=1;PUSAT KACAMATA BOGOR;5,0;(1);Toko;9QVR+73M, Jl. Aria Surialaga, RT.02/RW.04;Tutup;;0821-2593-3329
https://www.google.com/maps/place/Optik+Seis+-+AEON+Mall+Sentul+City/data=!4m7!3m6!1s0x2e69c73384f6715b:0x699bd21f61f4cd7c!8m2!3d-6.5668588!4d106.8583837!16s%2Fg%2F11p00vz0yj!19sChIJW3H2hDPHaS4RfM30YR_Sm2k?authuser=0&hl=id&rclk=1;Optik Seis - AEON Mall Sentul City;4,9;(128);Toko Optik;Jl. MH. Thamrin;Tutup;https://lh5.googleusercontent.com/p/AF1QipPR0bKYnt7qxIPiA13K31LvXd91Bb9PBPt8zAKe=w122-h92-k-no;(021) 87965151
https://www.google.com/maps/place/Optik+Tajur/data=!4m7!3m6!1s0x2e69c9ab40ca4f37:0xf9c8f1fad93945b5!8m2!3d-6.6386387!4d106.8326456!16s%2Fg%2F11gxslfb89!19sChIJN0_KQKvJaS4RtUU52frxyPk?authuser=0&hl=id&rclk=1;Optik Tajur;4,3;(8);Toko Optik;Jl. Raya Tajur No.23;Tutup;https://lh5.googleusercontent.com/p/AF1QipOpWtvGw93XCdjrpFxBnuYBCaLbvoxq_1jhhg40=w163-h92-k-no;0812-8456-5578
https://www.google.com/maps/place/Optik+vioneer/data=!4m7!3m6!1s0x2e69c9b7425ca413:0xe1673a2163007fe8!8m2!3d-6.632062!4d106.8339981!16s%2Fg%2F11t73j67hx!19sChIJE6RcQrfJaS4R6H8AYyE6Z-E?authuser=0&hl=id&rclk=1;Optik vioneer;5,0;(19);Toko Optik;9R9M+5HH, Jl. Bendungan Katulampa, RT.03/RW.19;Tutup;https://lh5.googleusercontent.com/p/AF1QipPEV8-f-doHC5QfR65ZJtqVjtmbt7rIn7J25xEq=w163-h92-k-no;0857-1191-0004
https://www.google.com/maps/place/Erfan+Optik/data=!4m7!3m6!1s0x2e69c5556d6622a9:0x31e6af6cdf5f13d4!8m2!3d-6.6049654!4d106.7919625!16s%2Fg%2F11gxthzts4!19sChIJqSJmbVXFaS4R1BNf32yv5jE?authuser=0&hl=id&rclk=1;Erfan Optik;5,0;(1);Grosir optik;Jl. Aria Suriawinata Jl. Pancasan No.12D, RT.01/RW.07;Tutup;https://lh5.googleusercontent.com/p/AF1QipMzrCcrpGZWVNvSVo70qeAmyshlbQ0Wghl8X8If=w80-h133-k-no;(0251) 8386293
https://www.google.com/maps/place/D%27Nasty+KACAMATA/data=!4m7!3m6!1s0x2e69c54073866b71:0xdbcb067bcf97302d!8m2!3d-6.6154454!4d106.785134!16s%2Fg%2F11fhzhz478!19sChIJcWuGc0DFaS4RLTCXz3sGy9s?authuser=0&hl=id&rclk=1;D'Nasty KACAMATA;;;Toko Optik;Gg. Emad No.1, RT.03/RW.05;Tutup;https://lh5.googleusercontent.com/p/AF1QipMY9Nt2mn3aFGtrfsRyAPqoEKsZfoNT4cgbuvET=w122-h92-k-no;0822-5885-8176
https://www.google.com/maps/place/Kodir+Optik/data=!4m7!3m6!1s0x2e69c4884de447fb:0xec9c331d2d156a3d!8m2!3d-6.5595908!4d106.7684972!16s%2Fg%2F11fyx9blg8!19sChIJ-0fkTYjEaS4RPWoVLR0znOw?authuser=0&hl=id&rclk=1;Kodir Optik;5,0;(1);Toko Optik;CQR9+599, RT.01/RW.10;Tutup;https://lh5.googleusercontent.com/p/AF1QipNg8sU3QGEE111KXaIYh8h7yOtXsVUwTMrzTPxK=w122-h92-k-no;
https://www.google.com/maps/place/KACAMATAMOO+CIOMAS/data=!4m7!3m6!1s0x2e69c5b17fcaf261:0x93e41f40d3b6dba4!8m2!3d-6.6012923!4d106.7796067!16s%2Fg%2F11sbtmnqcg!19sChIJYfLKf7HFaS4RpNu200Af5JM?authuser=0&hl=id&rclk=1;KACAMATAMOO CIOMAS;5,0;(544);Toko Kacamata Hitam;Jl. Aria Surialaga No.6a;Tutup;https://lh5.googleusercontent.com/p/AF1QipPFK6nS3mqP9lUDeaMaLy13zZtbP9ToVFXGKD4U=w80-h106-k-no;0859-4369-0274
https://www.google.com/maps/place/Optik+Melawai+-+Lippo+Plaza+Ekalokasari/data=!4m7!3m6!1s0x2e69c5e863e179ed:0x71cdaf1e77c60498!8m2!3d-6.6218303!4d106.8176636!16s%2Fg%2F12q4wcf2s!19sChIJ7XnhY-jFaS4RmATGdx6vzXE?authuser=0&hl=id&rclk=1;Optik Melawai - Lippo Plaza Ekalokasari;4,3;(32);Toko Optik;Lippo Plaza Ekalokasari Lt. Dasar Unit G. 36, Jl. Siliwangi No.123, RT.01/RW.01;Tutup;https://lh5.googleusercontent.com/p/AF1QipPvBhE0MuK3AhtgNkAYUzVweycCxCgsl3FdCmBc=w122-h92-k-no;0855-1837-279
https://www.google.com/maps/place/Optik+Melawai+-+Mall+Boxies+123+Bogor/data=!4m7!3m6!1s0x2e69c9393818cbc7:0xc232dbe68226406f!8m2!3d-6.6340845!4d106.8269319!16s%2Fg%2F11j9dkmr0v!19sChIJx8sYODnJaS4Rb0AmgubbMsI?authuser=0&hl=id&rclk=1;Optik Melawai - Mall Boxies 123 Bogor;5,0;(2);Toko Optik;Boxies 123 Mall, Jl. Raya Tajur No.123 Lt. 1 No. 10, RT.001/RW.006;Tutup;https://lh5.googleusercontent.com/p/AF1QipML6mDFhpIKAgL0lYgrpzj4WZNAoSVDCDB41Mn2=w122-h92-k-no;0815-1046-5537
https://www.google.com/maps/place/Optik+I+%26+U/data=!4m7!3m6!1s0x2e69c2ac3186f575:0xbfb701049831ccdc!8m2!3d-6.4735759!4d106.728535!16s%2Fg%2F11cs0b4p6y!19sChIJdfWGMazCaS4R3MwxmAQBt78?authuser=0&hl=id&rclk=1;Optik I & U;4,5;(20);Toko Optik;Ruko Zona Madina, Jl. Raya Parung;Tutup;https://lh4.googleusercontent.com/Rz3phDQ7TLIOeOCgnDe8eI39S5g5B3Jst5AzQzXYO7uBCksVPB3Wabv567CLSXbRQQ=w163-h92-k-no;0812-1179-4996
https://www.google.com/maps/place/Kacamata+Blushing+Bogor/data=!4m7!3m6!1s0x2e69c729896471bf:0x32805b0d2aacb9fe!8m2!3d-6.5776798!4d106.8183296!16s%2Fg%2F11l_d6l7qc!19sChIJv3FkiSnHaS4R_rmsKg1bgDI?authuser=0&hl=id&rclk=1;Kacamata Blushing Bogor;5,0;(4);Toko Kacamata Hitam;Jl. Pandu Raya Jl. Achmad Adnawijaya No.18, RT.01/RW.05;Tutup;https://lh5.googleusercontent.com/p/AF1QipP8MuXlOYQDn1RZA0EmTkMYKK6Y68SpJ2TfUpXn=w80-h106-k-no;0896-3393-7409
https://www.google.com/maps/place/Erfan+Optik/data=!4m7!3m6!1s0x2e69c5b0e4c55d83:0x2a697df1e52cc7b7!8m2!3d-6.5959076!4d106.7858611!16s%2Fg%2F11bc7ppmpd!19sChIJg13F5LDFaS4Rt8cs5fF9aSo?authuser=0&hl=id&rclk=1;Erfan Optik;5,0;(1);Grosir optik;Bogor Trade World (BTW) Mall, Jl. Veteran No.27, RT.01/RW.03;Tutup;https://streetviewpixels-pa.googleapis.com/v1/thumbnail?panoid=II087GSryBYx9vcODXL6bg&cb_client=search.gws-prod.gps&w=80&h=92&yaw=195.95564&pitch=0&thumbfov=100;(0251) 7562442
https://www.google.com/maps/place/Toko+kacamata+murah/data=!4m7!3m6!1s0x2e69c3f9d67c3027:0x1173f09af86fea72!8m2!3d-6.5411565!4d106.8119959!16s%2Fg%2F11h3bfs0pj!19sChIJJzB81vnDaS4Rcupv-JrwcxE?authuser=0&hl=id&rclk=1;Toko kacamata murah;4,3;(6);Pusat Perbelanjaan;Jl. Perumahan Villa Bogor Indah Blok CC 5 No.36, RT.05/RW.13;Tutup;https://lh5.googleusercontent.com/p/AF1QipO7KyCgleNAzZ35lUjNe-8kdkZzfG2di5GxJGO0=w80-h106-k-no;0857-7265-4000
https://www.google.com/maps/place/Erfan+Optik/data=!4m7!3m6!1s0x2e69c52065c52557:0xc1fde7a6a1732abd!8m2!3d-6.56918!4d106.8078525!16s%2Fg%2F11h24qxmxh!19sChIJVyXFZSDFaS4RvSpzoabn_cE?authuser=0&hl=id&rclk=1;Erfan Optik;;;Grosir optik;Plaza Jambu Dua Lantai Semi Dasar A2 No. 3, RT.01/RW.06;Tutup;https://streetviewpixels-pa.googleapis.com/v1/thumbnail?panoid=MeR6LMuUzCFk88-kxMeCig&cb_client=search.gws-prod.gps&w=80&h=92&yaw=206.23456&pitch=0&thumbfov=100;(0251) 8380016
https://www.google.com/maps/place/PUSAT+KACAMATA+BOGOR/data=!4m7!3m6!1s0x2e69c5a140026ec3:0xb834a2d14186830b!8m2!3d-6.6067804!4d106.7901678!16s%2Fg%2F11kq0ynnpd!19sChIJw24CQKHFaS4RC4OGQdGiNLg?authuser=0&hl=id&rclk=1;PUSAT KACAMATA BOGOR;5,0;(1);Toko;9QVR+73M, Jl. Aria Surialaga, RT.02/RW.04;Tutup;https://lh5.googleusercontent.com/p/AF1QipOVCBIHqj3Bt15ZlJsbmvIF6BOB7Vspq2R_s01R=w138-h92-k-no;0821-2593-3329
https://www.google.com/maps/place/Sendi+Kacamata/data=!4m7!3m6!1s0x2e69c504b6d6dc83:0x60efc9c890eba34e!8m2!3d-6.6238539!4d106.771851!16s%2Fg%2F11jh845mz3!19sChIJg9zWtgTFaS4RTqPrkMjJ72A?authuser=0&hl=id&rclk=1;Sendi Kacamata;5,0;(23);Toko Kacamata Hitam;Jl. E. Sumawijaya pertiaan sindang barang lasir euwih;Tutup;;0812-8604-7981
https://www.google.com/maps/place/Optik+Melawai+-+Aeon+Mall+Sentul+City/data=!4m7!3m6!1s0x2e69c77456de2157:0x4c36d943369a5874!8m2!3d-6.5672335!4d106.857461!16s%2Fg%2F11q_9srvxf!19sChIJVyHeVnTHaS4RdFiaNkPZNkw?authuser=0&hl=id&rclk=1;Optik Melawai - Aeon Mall Sentul City;4,9;(47);Toko Optik;Aeon Mall Sentul, Jl. MH. Thamrin No.57 City, GF;Tutup;;0815-7637-965
https://www.google.com/maps/place/OPTIK+UNION+BOGOR/data=!4m7!3m6!1s0x2e69c660fa8b1567:0x3343bda18111fb14!8m2!3d-6.5887912!4d106.8391385!16s%2Fg%2F11c6f5rddz!19sChIJZxWL-mDGaS4RFPsRgaG9QzM?authuser=0&hl=id&rclk=1;OPTIK UNION BOGOR;4,9;(30);Kantor Perusahaan;Jl. Sukaraja Blok Simadu No.37;Tutup;;0856-9211-7220
https://www.google.com/maps/place/Retina+Optik/data=!4m7!3m6!1s0x2e69dbde83a14db5:0xa64e2aeeb26a2ea6!8m2!3d-6.5751537!4d106.6347754!16s%2Fg%2F11bzrq6_7y!19sChIJtU2hg97baS4Rpi5qsu4qTqY?authuser=0&hl=id&rclk=1;Retina Optik;4,9;(16);Toko Optik;Jl. Raya Leuwiliang No.117;Tutup;;0813-8072-1346
https://www.google.com/maps/place/Nabila+Optik/data=!4m7!3m6!1s0x2e69d95fe6e2f681:0x4d4bb212470a7a7c!8m2!3d-6.5725952!4d106.628267!16s%2Fg%2F1pzttxlz2!19sChIJgfbi5l_ZaS4RfHoKRxKyS00?authuser=0&hl=id&rclk=1;Nabila Optik;5,0;(1);Toko Optik;Jalan Raya Leuwiliang Depan RSUD Leuwiliang;Tutup;;(0251) 8645027
